LGA,LGA NAME,Number of Earners,Median age of earners,Sum,Median,Mean,P80/P20,P80/P50,P20/P50,P10/P50,Gini coefficient,Income share:Top 1%,Income share:Top 5%,Income share:Top 10%,Lowest Quartile,Second Quartile,Third Quartile,Highest Quartile
Australia ,," 14,760,008 ", 42 ," 1,040,901,408,310 "," 54,890 "," 70,522 ",5.00 ,1.88 ,0.38 ,0.14 ,0.483 ,9.8 ,22.5 ,33.4 ,25.0 ,25.0 ,25.0 ,25.0 
New South Wales,," 4,603,736 ", 42 ," 341,107,484,589 "," 55,854 "," 74,094 ",5.00 ,1.90 ,0.38 ,0.15 ,0.497 ,11.2 ,24.3 ,35.2 ,24.6 ,24.6 ,24.7 ,26.1 
10050,Albury," 31,816 ", 43 ," 1,985,173,923 "," 53,392 "," 62,395 ",4.38 ,1.72 ,0.39 ,0.15 ,0.437 ,7.5 ,19.2 ,29.5 ,24.7 ,26.9 ,28.5 ,19.9 
10180,Armidale Regional," 15,535 ", 43 ," 909,014,851 "," 48,837 "," 58,514 ",5.74 ,1.88 ,0.33 ,0.11 ,0.477 ,7.0 ,19.5 ,30.7 ,29.4 ,26.6 ,24.2 ,19.7 
10250,Ballina," 26,901 ", 48 ," 1,621,086,399 "," 47,527 "," 60,261 ",5.47 ,1.89 ,0.35 ,0.12 ,0.484 ,8.6 ,21.7 ,32.8 ,29.0 ,28.3 ,23.5 ,19.1 
10300,Balranald," 1,316 ", 43 ," 70,198,150 "," 49,408 "," 53,342 ",4.45 ,1.63 ,0.37 ,0.12 ,0.458 ,6.2 ,17.7 ,28.7 ,27.0 ,29.8 ,29.2 ,13.9 
10470,Bathurst Regional," 23,828 ", 43 ," 1,533,676,431 "," 55,986 "," 64,364 ",4.54 ,1.77 ,0.39 ,0.15 ,0.431 ,6.1 ,17.2 ,27.6 ,23.6 ,25.3 ,27.2 ,23.9 
10500,Bayside," 105,143 ", 38 ," 7,060,158,434 "," 55,000 "," 67,148 ",4.48 ,1.84 ,0.41 ,0.18 ,0.443 ,6.6 ,18.7 ,29.7 ,23.7 ,26.2 ,25.8 ,24.3 
10550,Bega Valley," 20,488 ", 51 ," 1,058,249,151 "," 43,532 "," 51,652 ",5.89 ,1.86 ,0.31 ,0.09 ,0.485 ,6.4 ,19.1 ,30.6 ,32.8 ,28.6 ,23.4 ,15.2 
10600,Bellingen," 7,150 ", 50 ," 367,123,153 "," 41,711 "," 51,346 ",6.60 ,1.93 ,0.29 ,0.09 ,0.498 ,7.3 ,20.0 ,31.6 ,34.6 ,27.8 ,22.3 ,15.3 
10650,Berrigan," 4,757 ", 49 ," 238,065,902 "," 44,099 "," 50,045 ",5.60 ,1.82 ,0.33 ,0.09 ,0.495 ,6.1 ,18.3 ,29.7 ,32.5 ,28.6 ,24.4 ,14.5 
10750,Blacktown," 215,560 ", 39 ," 14,203,611,762 "," 58,934 "," 65,892 ",4.01 ,1.69 ,0.42 ,0.19 ,0.399 ,4.7 ,15.4 ,25.9 ,21.4 ,24.7 ,29.8 ,24.1 
10800,Bland," 3,169 ", 46 ," 187,925,222 "," 48,934 "," 59,301 ",5.52 ,1.98 ,0.36 ,0.09 ,0.540 ,8.5 ,21.1 ,33.0 ,28.3 ,27.3 ,22.7 ,21.8 
10850,Blayney," 4,160 ", 47 ," 260,898,868 "," 54,218 "," 62,716 ",5.39 ,1.82 ,0.34 ,0.11 ,0.485 ,7.8 ,19.2 ,30.1 ,26.6 ,24.0 ,26.1 ,23.3 
10900,Blue Mountains," 45,492 ", 47 ," 3,131,959,254 "," 56,229 "," 68,846 ",5.62 ,1.90 ,0.34 ,0.11 ,0.463 ,6.8 ,18.9 ,29.9 ,26.0 ,23.0 ,23.2 ,27.8 
10950,Bogan," 1,528 ", 46 ," 83,934,344 "," 50,732 "," 54,931 ",6.32 ,1.85 ,0.29 ,0.06 ,0.616 ,6.3 ,19.9 ,32.3 ,27.9 ,25.9 ,25.0 ,21.1 
11150,Bourke," 1,268 ", 42 ," 77,916,464 "," 57,292 "," 61,448 ",4.76 ,1.73 ,0.36 ,0.13 ,0.465 ,4.8 ,15.9 ,26.9 ,24.5 ,23.1 ,27.8 ,24.6 
11200,Brewarrina, 579 , 42 ," 30,700,022 "," 50,721 "," 53,022 ",5.14 ,1.69 ,0.33 ,0.09 ,0.461 ,3.5 ,15.0 ,26.5 ,27.8 ,26.9 ,28.3 ,17.1 
11250,Broken Hill," 8,459 ", 44 ," 541,268,389 "," 56,376 "," 63,987 ",4.83 ,1.81 ,0.37 ,0.15 ,0.420 ,4.6 ,15.1 ,25.8 ,24.2 ,24.4 ,26.1 ,25.3 
11300,Burwood," 24,620 ", 36 ," 1,555,624,068 "," 45,588 "," 63,185 ",5.26 ,2.07 ,0.39 ,0.16 ,0.501 ,9.1 ,22.9 ,34.7 ,29.9 ,28.1 ,21.2 ,20.8 
11350,Byron," 23,058 ", 44 ," 1,469,177,104 "," 42,166 "," 63,717 ",5.30 ,2.00 ,0.38 ,0.15 ,0.554 ,16.0 ,30.4 ,41.5 ,31.8 ,30.7 ,20.3 ,17.1 
11400,Cabonne," 7,737 ", 46 ," 490,612,981 "," 50,718 "," 63,411 ",5.39 ,1.90 ,0.35 ,0.10 ,0.524 ,9.9 ,22.7 ,34.0 ,27.1 ,26.7 ,23.9 ,22.3 
11450,Camden," 66,890 ", 38 ," 4,877,060,233 "," 64,033 "," 72,912 ",3.71 ,1.67 ,0.45 ,0.22 ,0.400 ,6.2 ,16.8 ,26.8 ,18.5 ,23.4 ,29.3 ,28.9 
11500,Campbelltown," 92,600 ", 39 ," 5,600,679,642 "," 55,060 "," 60,483 ",3.95 ,1.65 ,0.42 ,0.18 ,0.394 ,4.7 ,15.2 ,25.5 ,22.9 ,26.9 ,30.5 ,19.7 
11520,Canada Bay," 56,351 ", 42 ," 5,105,947,428 "," 65,070 "," 90,610 ",5.65 ,2.02 ,0.36 ,0.15 ,0.512 ,10.6 ,24.7 ,36.1 ,22.5 ,20.6 ,22.0 ,34.9 
11570,Canterbury-Bankstown," 187,608 ", 40 ," 11,042,127,781 "," 48,110 "," 58,857 ",4.58 ,1.85 ,0.40 ,0.17 ,0.446 ,6.4 ,18.4 ,29.5 ,27.7 ,28.5 ,24.8 ,19.0 
11600,Carrathool," 1,690 ", 42 ," 81,068,024 "," 48,032 "," 47,969 ",4.86 ,1.71 ,0.35 ,0.09 ,0.612 ,5.7 ,19.3 ,31.7 ,29.3 ,27.9 ,27.7 ,15.1 
11650,Central Coast," 189,168 ", 44 ," 12,135,747,094 "," 52,558 "," 64,153 ",4.80 ,1.83 ,0.38 ,0.15 ,0.454 ,7.5 ,19.6 ,30.5 ,25.5 ,26.7 ,25.6 ,22.2 
11700,Central Darling, 697 , 48 ," 39,827,361 "," 47,679 "," 57,141 ",7.83 ,1.95 ,0.25 ,0.06 ,0.591 ,7.0 ,22.4 ,35.2 ,32.6 ,24.1 ,23.0 ,20.4 
11720,Cessnock," 31,557 ", 40 ," 1,966,851,349 "," 53,420 "," 62,327 ",4.50 ,1.81 ,0.40 ,0.16 ,0.434 ,5.4 ,16.6 ,27.8 ,24.1 ,27.5 ,26.4 ,22.1 
11730,Clarence Valley," 26,271 ", 48 ," 1,324,196,808 "," 43,433 "," 50,405 ",6.08 ,1.82 ,0.30 ,0.09 ,0.480 ,6.4 ,18.7 ,30.0 ,32.9 ,29.4 ,23.3 ,14.4 
11750,Cobar," 2,229 ", 41 ," 157,492,032 "," 59,922 "," 70,656 ",5.29 ,1.94 ,0.37 ,0.13 ,0.480 ,6.3 ,17.4 ,28.3 ,23.9 ,22.1 ,22.0 ,32.0 
11800,Coffs Harbour," 44,189 ", 45 ," 2,486,806,435 "," 46,557 "," 56,277 ",5.12 ,1.82 ,0.36 ,0.13 ,0.465 ,7.5 ,19.9 ,30.9 ,29.2 ,29.7 ,24.2 ,16.9 
12000,Coolamon," 2,460 ", 47 ," 150,919,701 "," 51,565 "," 61,349 ",5.17 ,1.84 ,0.36 ,0.13 ,0.473 ,6.4 ,19.4 ,30.9 ,26.6 ,26.8 ,26.1 ,20.5 
12150,Coonamble," 1,868 ", 45 ," 116,034,872 "," 48,308 "," 62,117 ",5.90 ,1.95 ,0.33 ,0.09 ,0.617 ,11.1 ,27.1 ,39.5 ,30.1 ,26.2 ,23.0 ,20.6 
12160,Cootamundra-Gundagai Regional," 5,854 ", 48 ," 332,416,708 "," 48,551 "," 56,785 ",5.55 ,1.81 ,0.33 ,0.10 ,0.492 ,6.8 ,19.5 ,31.1 ,29.0 ,27.5 ,25.3 ,18.2 
12350,Cowra," 6,537 ", 47 ," 329,586,580 "," 45,167 "," 50,419 ",5.62 ,1.74 ,0.31 ,0.08 ,0.492 ,6.6 ,18.8 ,30.1 ,31.0 ,29.6 ,25.4 ,14.0 
12380,Cumberland," 124,626 ", 37 ," 7,094,993,981 "," 47,749 "," 56,930 ",4.36 ,1.83 ,0.42 ,0.18 ,0.432 ,5.6 ,17.3 ,28.3 ,27.6 ,29.4 ,25.1 ,17.9 
12390,Dubbo Regional," 30,113 ", 40 ," 1,900,978,106 "," 55,866 "," 63,128 ",4.38 ,1.72 ,0.39 ,0.15 ,0.435 ,6.7 ,17.7 ,28.0 ,23.6 ,25.5 ,28.7 ,22.2 
12700,Dungog," 5,292 ", 47 ," 318,069,557 "," 49,426 "," 60,104 ",5.51 ,1.96 ,0.36 ,0.11 ,0.484 ,6.7 ,18.7 ,30.1 ,28.2 ,26.6 ,23.0 ,22.1 
12730,Edward River," 5,056 ", 48 ," 251,239,373 "," 47,733 "," 49,691 ",5.92 ,1.74 ,0.29 ,0.09 ,0.568 ,6.3 ,18.8 ,30.6 ,31.2 ,26.0 ,26.9 ,16.0 
12750,Eurobodalla," 21,556 ", 52 ," 1,098,735,161 "," 42,120 "," 50,971 ",5.75 ,1.82 ,0.32 ,0.10 ,0.485 ,7.7 ,20.7 ,32.0 ,33.4 ,30.3 ,22.9 ,13.5 
12850,Fairfield," 93,370 ", 40 ," 5,066,597,771 "," 47,188 "," 54,264 ",4.60 ,1.74 ,0.38 ,0.16 ,0.431 ,6.2 ,17.5 ,28.2 ,29.1 ,29.1 ,26.6 ,15.2 
12870,Federation," 7,412 ", 49 ," 388,159,530 "," 46,868 "," 52,369 ",5.49 ,1.78 ,0.32 ,0.09 ,0.468 ,5.5 ,17.2 ,28.3 ,30.2 ,27.8 ,26.6 ,15.4 
12900,Forbes," 5,101 ", 44 ," 295,853,004 "," 49,845 "," 57,999 ",5.26 ,1.81 ,0.34 ,0.10 ,0.530 ,8.3 ,21.2 ,32.7 ,27.5 ,27.7 ,25.7 ,19.1 
12930,Georges River," 94,613 ", 41 ," 6,418,337,269 "," 51,738 "," 67,838 ",4.91 ,1.94 ,0.40 ,0.15 ,0.481 ,8.7 ,21.8 ,33.2 ,25.9 ,26.8 ,23.6 ,23.7 
12950,Gilgandra," 2,171 ", 47 ," 105,986,882 "," 44,753 "," 48,819 ",7.14 ,1.83 ,0.26 ,0.04 ,0.578 ,6.5 ,20.0 ,32.2 ,33.5 ,26.4 ,23.9 ,16.2 
13010,Glen Innes Severn," 4,222 ", 49 ," 193,299,600 "," 40,141 "," 45,784 ",7.47 ,1.81 ,0.24 ,0.05 ,0.536 ,7.4 ,20.0 ,31.9 ,36.5 ,28.3 ,22.7 ,12.5 
13310,Goulburn Mulwaree," 16,937 ", 43 ," 1,049,447,686 "," 54,388 "," 61,962 ",4.50 ,1.76 ,0.39 ,0.14 ,0.437 ,6.1 ,17.2 ,27.7 ,24.0 ,26.5 ,27.4 ,22.1 
13340,Greater Hume Shire," 6,196 ", 48 ," 356,312,874 "," 49,648 "," 57,507 ",5.07 ,1.79 ,0.35 ,0.10 ,0.500 ,8.3 ,20.7 ,31.4 ,27.7 ,27.5 ,26.0 ,18.7 
13450,Griffith," 17,413 ", 41 ," 1,027,868,038 "," 53,390 "," 59,029 ",3.78 ,1.60 ,0.42 ,0.19 ,0.419 ,6.3 ,17.4 ,27.6 ,23.3 ,28.2 ,31.7 ,16.8 
13550,Gunnedah," 6,882 ", 42 ," 448,295,645 "," 55,071 "," 65,140 ",5.39 ,1.98 ,0.37 ,0.13 ,0.496 ,5.5 ,17.9 ,29.5 ,25.3 ,24.4 ,24.4 ,25.8 
13660,Gwydir," 2,452 ", 49 ," 92,195,025 "," 38,552 "," 37,600 ",11.92 ,1.89 ,0.16 ,0.00 ,0.910 ,10.9 ,26.8 ,42.0 ,39.7 ,25.1 ,22.6 ,12.5 
13800,Hawkesbury," 39,681 ", 43 ," 2,735,819,650 "," 57,670 "," 68,945 ",4.19 ,1.76 ,0.42 ,0.19 ,0.436 ,7.8 ,19.3 ,29.6 ,22.0 ,25.6 ,27.3 ,25.1 
13850,Hay," 1,667 ", 48 ," 86,711,568 "," 49,193 "," 52,017 ",4.86 ,1.70 ,0.35 ,0.14 ,0.513 ,5.4 ,18.0 ,29.5 ,28.9 ,27.3 ,27.9 ,15.9 
13910,Hilltops," 10,075 ", 46 ," 551,990,270 "," 47,945 "," 54,788 ",5.24 ,1.77 ,0.34 ,0.10 ,0.501 ,6.5 ,19.6 ,31.2 ,29.1 ,28.4 ,25.8 ,16.7 
14000,Hornsby," 95,107 ", 45 ," 7,704,677,153 "," 60,992 "," 81,011 ",6.24 ,2.03 ,0.32 ,0.11 ,0.498 ,8.3 ,21.8 ,33.4 ,25.4 ,20.7 ,21.3 ,32.7 
14100,Hunters Hill," 8,426 ", 49 ," 1,285,218,040 "," 77,081 "," 152,530 ",7.81 ,2.40 ,0.31 ,0.12 ,0.641 ,19.7 ,39.0 ,51.0 ,22.0 ,17.5 ,16.5 ,44.0 
14170,Inner West," 117,218 ", 40 ," 11,368,759,747 "," 70,952 "," 96,988 ",4.91 ,1.91 ,0.39 ,0.18 ,0.496 ,10.4 ,24.6 ,35.8 ,19.4 ,19.6 ,23.1 ,37.9 
14220,Inverell," 8,722 ", 45 ," 439,527,372 "," 46,646 "," 50,393 ",5.29 ,1.64 ,0.31 ,0.10 ,0.489 ,7.0 ,18.8 ,30.0 ,30.5 ,29.4 ,26.9 ,13.2 
14300,Junee," 3,108 ", 44 ," 182,233,334 "," 53,128 "," 58,634 ",4.43 ,1.73 ,0.39 ,0.13 ,0.453 ,5.0 ,16.6 ,27.9 ,25.2 ,26.9 ,27.8 ,20.0 
14350,Kempsey," 13,899 ", 48 ," 673,950,884 "," 42,113 "," 48,489 ",6.14 ,1.83 ,0.30 ,0.09 ,0.482 ,6.4 ,18.4 ,29.7 ,33.6 ,30.1 ,22.9 ,13.4 
14400,Kiama," 13,649 ", 49 ," 969,277,864 "," 52,688 "," 71,015 ",6.50 ,2.07 ,0.32 ,0.11 ,0.507 ,9.8 ,22.7 ,34.0 ,28.4 ,23.1 ,21.0 ,27.5 
14500,Ku-ring-gai," 80,806 ", 48 ," 9,270,206,937 "," 65,063 "," 114,722 ",8.26 ,2.42 ,0.29 ,0.10 ,0.606 ,15.5 ,33.2 ,45.4 ,26.0 ,18.8 ,17.1 ,38.1 
14550,Kyogle," 4,527 ", 51 ," 198,523,420 "," 37,583 "," 43,853 ",8.11 ,1.90 ,0.23 ,0.05 ,0.538 ,7.4 ,20.3 ,32.4 ,38.8 ,28.4 ,22.1 ,10.7 
14600,Lachlan," 3,237 ", 44 ," 163,491,160 "," 45,530 "," 50,507 ",6.43 ,1.84 ,0.29 ,0.05 ,0.602 ,7.1 ,20.8 ,33.5 ,32.4 ,26.3 ,24.7 ,16.7 
14650,Lake Macquarie," 117,745 ", 44 ," 7,832,510,369 "," 55,484 "," 66,521 ",4.91 ,1.82 ,0.37 ,0.13 ,0.447 ,7.0 ,18.8 ,29.6 ,24.7 ,24.7 ,26.1 ,24.5 
14700,Lane Cove," 26,243 ", 42 ," 3,184,103,134 "," 78,323 "," 121,332 ",5.81 ,2.05 ,0.35 ,0.15 ,0.553 ,14.1 ,30.6 ,42.1 ,19.4 ,17.1 ,20.6 ,42.9 
14750,Leeton," 6,338 ", 43 ," 346,205,732 "," 50,842 "," 54,624 ",4.50 ,1.67 ,0.37 ,0.12 ,0.476 ,6.5 ,17.7 ,28.4 ,26.3 ,28.3 ,29.2 ,16.2 
14850,Lismore," 23,867 ", 46 ," 1,303,943,012 "," 47,557 "," 54,634 ",4.76 ,1.72 ,0.36 ,0.13 ,0.449 ,7.1 ,18.7 ,29.3 ,28.4 ,29.6 ,26.8 ,15.2 
14870,Lithgow," 10,238 ", 46 ," 634,146,667 "," 51,200 "," 61,940 ",5.38 ,1.93 ,0.36 ,0.14 ,0.458 ,5.6 ,17.7 ,29.1 ,26.7 ,26.6 ,23.8 ,22.9 
14900,Liverpool," 115,578 ", 39 ," 7,232,985,665 "," 55,243 "," 62,581 ",4.16 ,1.70 ,0.41 ,0.18 ,0.411 ,5.6 ,16.6 ,27.0 ,23.5 ,26.1 ,29.1 ,21.2 
14920,Liverpool Plains," 3,883 ", 48 ," 199,637,768 "," 45,969 "," 51,413 ",6.43 ,1.82 ,0.28 ,0.05 ,0.537 ,6.0 ,18.9 ,31.3 ,31.1 ,28.3 ,23.8 ,16.9 
14950,Lockhart," 1,822 ", 49 ," 96,814,625 "," 50,401 "," 53,136 ",4.91 ,1.76 ,0.36 ,0.10 ,0.572 ,5.5 ,18.8 ,30.9 ,27.7 ,27.8 ,26.4 ,18.1 
15050,Maitland," 49,720 ", 40 ," 3,355,238,436 "," 57,822 "," 67,483 ",4.33 ,1.78 ,0.41 ,0.17 ,0.421 ,5.6 ,16.7 ,27.5 ,22.1 ,25.2 ,27.0 ,25.6 
15240,Mid-Coast," 46,555 ", 50 ," 2,343,408,221 "," 41,582 "," 50,336 ",6.63 ,1.87 ,0.28 ,0.08 ,0.493 ,7.6 ,20.3 ,31.9 ,34.5 ,29.3 ,22.3 ,14.0 
15270,Mid-Western Regional," 13,776 ", 45 ," 878,189,644 "," 50,805 "," 63,748 ",5.81 ,2.09 ,0.36 ,0.12 ,0.497 ,6.2 ,18.3 ,30.4 ,27.4 ,26.4 ,21.6 ,24.6 
15300,Moree Plains," 6,590 ", 43 ," 403,093,966 "," 53,576 "," 61,168 ",4.74 ,1.73 ,0.36 ,0.12 ,0.565 ,9.4 ,23.4 ,34.7 ,26.2 ,25.2 ,28.3 ,20.3 
15350,Mosman," 19,791 ", 49 ," 3,447,994,898 "," 78,408 "," 174,220 ",7.86 ,2.45 ,0.31 ,0.13 ,0.669 ,21.3 ,43.2 ,55.4 ,21.4 ,17.1 ,17.0 ,44.5 
15520,Murray River," 6,855 ", 48 ," 369,269,451 "," 46,053 "," 53,869 ",5.95 ,1.86 ,0.31 ,0.09 ,0.519 ,6.8 ,19.8 ,31.6 ,31.2 ,27.1 ,24.5 ,17.3 
15560,Murrumbidgee," 2,203 ", 46 ," 99,152,796 "," 46,902 "," 45,008 ",6.48 ,1.70 ,0.26 ,0.03 ,0.743 ,10.1 ,24.5 ,37.0 ,31.8 ,26.5 ,28.2 ,13.4 
15650,Muswellbrook," 8,556 ", 41 ," 605,349,221 "," 57,136 "," 70,751 ",5.59 ,2.08 ,0.37 ,0.14 ,0.453 ,5.3 ,16.1 ,27.4 ,24.1 ,24.0 ,21.6 ,30.4 
15700,Nambucca," 9,719 ", 49 ," 451,143,373 "," 38,745 "," 46,419 ",7.00 ,1.90 ,0.27 ,0.06 ,0.503 ,6.8 ,19.6 ,31.4 ,37.2 ,29.2 ,21.2 ,12.4 
15750,Narrabri," 7,082 ", 44 ," 427,840,997 "," 52,409 "," 60,412 ",5.32 ,1.84 ,0.35 ,0.11 ,0.494 ,6.5 ,18.4 ,29.8 ,26.9 ,25.3 ,25.7 ,22.0 
15800,Narrandera," 3,094 ", 47 ," 162,758,729 "," 47,791 "," 52,605 ",5.71 ,1.76 ,0.31 ,0.08 ,0.497 ,7.1 ,18.8 ,29.8 ,29.7 ,28.4 ,26.3 ,15.7 
15850,Narromine," 3,460 ", 45 ," 184,309,972 "," 47,652 "," 53,269 ",5.75 ,1.84 ,0.32 ,0.08 ,0.538 ,6.1 ,19.0 ,30.9 ,30.3 ,26.4 ,25.2 ,18.1 
15900,Newcastle," 97,850 ", 40 ," 7,146,649,620 "," 58,542 "," 73,037 ",4.74 ,1.82 ,0.38 ,0.15 ,0.461 ,8.7 ,21.1 ,31.8 ,23.2 ,23.7 ,25.9 ,27.2 
15950,North Sydney," 49,256 ", 41 ," 6,058,599,033 "," 82,706 "," 123,002 ",5.44 ,1.97 ,0.36 ,0.15 ,0.541 ,14.4 ,29.9 ,40.9 ,18.2 ,16.1 ,20.3 ,45.4 
15990,Northern Beaches," 173,021 ", 46 ," 17,279,756,753 "," 64,102 "," 99,871 ",5.75 ,2.12 ,0.37 ,0.16 ,0.548 ,13.6 ,29.4 ,40.9 ,22.1 ,21.7 ,21.3 ,34.9 
16100,Oberon," 3,040 ", 49 ," 177,625,782 "," 52,265 "," 58,430 ",5.39 ,1.75 ,0.33 ,0.11 ,0.460 ,6.1 ,17.5 ,28.2 ,27.4 ,25.1 ,27.6 ,20.0 
16150,Orange," 24,030 ", 41 ," 1,667,467,465 "," 57,967 "," 69,391 ",4.63 ,1.81 ,0.39 ,0.15 ,0.440 ,7.2 ,18.9 ,29.4 ,22.9 ,24.1 ,26.9 ,26.0 
16200,Parkes," 7,738 ", 44 ," 453,238,250 "," 50,615 "," 58,573 ",5.76 ,1.88 ,0.33 ,0.09 ,0.489 ,6.2 ,18.1 ,29.6 ,28.3 ,25.7 ,24.6 ,21.4 
16260,Parramatta," 154,980 ", 38 ," 10,718,121,585 "," 56,731 "," 69,158 ",5.06 ,1.88 ,0.37 ,0.15 ,0.453 ,6.7 ,18.6 ,29.7 ,25.0 ,23.5 ,24.5 ,27.0 
16350,Penrith," 120,770 ", 39 ," 8,111,714,036 "," 59,999 "," 67,167 ",3.78 ,1.65 ,0.44 ,0.19 ,0.399 ,6.0 ,16.5 ,26.5 ,20.4 ,24.5 ,30.8 ,24.3 
16380,Port Macquarie-Hastings," 46,200 ", 48 ," 2,613,467,690 "," 45,757 "," 56,569 ",5.94 ,1.88 ,0.32 ,0.10 ,0.484 ,8.4 ,20.8 ,32.0 ,31.0 ,28.0 ,23.4 ,17.6 
16400,Port Stephens," 40,259 ", 47 ," 2,393,405,819 "," 48,926 "," 59,450 ",5.43 ,1.87 ,0.34 ,0.11 ,0.463 ,6.9 ,19.0 ,30.1 ,28.5 ,26.7 ,24.7 ,20.1 
16490,Queanbeyan-Palerang Regional," 39,720 ", 42 ," 3,234,028,447 "," 70,430 "," 81,421 ",3.69 ,1.66 ,0.45 ,0.21 ,0.415 ,7.0 ,18.2 ,28.4 ,16.9 ,20.4 ,28.5 ,34.1 
16550,Randwick," 85,079 ", 40 ," 8,413,115,093 "," 68,013 "," 98,886 ",5.33 ,1.95 ,0.37 ,0.16 ,0.527 ,13.2 ,28.3 ,39.2 ,21.1 ,20.1 ,22.2 ,36.6 
16610,Richmond Valley," 11,495 ", 45 ," 562,842,114 "," 45,406 "," 48,964 ",4.67 ,1.62 ,0.35 ,0.11 ,0.442 ,5.7 ,17.0 ,27.8 ,29.6 ,32.9 ,25.9 ,11.5 
16700,Ryde," 80,920 ", 40 ," 6,584,821,765 "," 59,324 "," 81,374 ",5.66 ,1.96 ,0.35 ,0.13 ,0.517 ,13.7 ,26.2 ,36.9 ,25.3 ,21.5 ,23.2 ,30.0 
16900,Shellharbour," 41,418 ", 42 ," 2,668,320,356 "," 55,192 "," 64,424 ",4.40 ,1.81 ,0.41 ,0.17 ,0.419 ,5.4 ,16.4 ,27.0 ,23.1 ,26.6 ,26.3 ,24.0 
16950,Shoalhaven," 54,901 ", 47 ," 3,135,083,436 "," 46,774 "," 57,104 ",5.25 ,1.86 ,0.35 ,0.12 ,0.466 ,7.4 ,19.7 ,30.7 ,29.3 ,28.8 ,24.1 ,17.9 
17000,Singleton," 13,814 ", 42 ," 1,029,022,018 "," 58,433 "," 74,491 ",5.68 ,2.14 ,0.38 ,0.15 ,0.469 ,6.0 ,17.6 ,28.7 ,23.6 ,23.9 ,20.3 ,32.2 
17040,Snowy Monaro Regional," 12,445 ", 46 ," 763,529,196 "," 51,634 "," 61,352 ",4.52 ,1.80 ,0.40 ,0.15 ,0.452 ,6.5 ,18.6 ,29.5 ,25.0 ,28.3 ,26.1 ,20.7 
17080,Snowy Valleys," 8,024 ", 47 ," 481,879,453 "," 51,722 "," 60,055 ",4.94 ,1.84 ,0.37 ,0.13 ,0.450 ,5.9 ,17.4 ,28.3 ,26.1 ,26.8 ,25.7 ,21.4 
17100,Strathfield," 29,747 ", 35 ," 2,236,368,047 "," 53,056 "," 75,180 ",4.67 ,1.94 ,0.41 ,0.19 ,0.510 ,13.8 ,27.0 ,37.7 ,24.7 ,26.9 ,24.1 ,24.3 
17150,Sutherland Shire," 142,586 ", 45 ," 11,821,596,057 "," 64,295 "," 82,909 ",4.84 ,1.87 ,0.39 ,0.15 ,0.473 ,9.4 ,22.1 ,33.0 ,21.3 ,21.7 ,24.1 ,32.9 
17200,Sydney," 145,138 ", 35 ," 14,042,340,056 "," 65,693 "," 96,752 ",5.40 ,2.00 ,0.37 ,0.18 ,0.534 ,14.5 ,28.7 ,39.5 ,21.7 ,21.0 ,21.8 ,35.4 
17310,Tamworth Regional," 34,523 ", 43 ," 2,033,716,027 "," 52,416 "," 58,909 ",4.62 ,1.70 ,0.37 ,0.13 ,0.446 ,6.4 ,17.7 ,28.5 ,25.9 ,26.8 ,28.6 ,18.7 
17350,Temora," 3,424 ", 48 ," 178,085,887 "," 47,021 "," 52,011 ",6.46 ,1.85 ,0.29 ,0.07 ,0.570 ,6.5 ,20.0 ,32.1 ,31.2 ,26.4 ,24.6 ,17.8 
17400,Tenterfield," 3,206 ", 53 ," 129,391,884 "," 34,177 "," 40,359 ",9.10 ,2.00 ,0.22 ,0.03 ,0.548 ,5.7 ,19.0 ,31.6 ,41.8 ,29.0 ,19.4 ,9.9 
17420,The Hills Shire," 117,025 ", 43 ," 10,047,902,315 "," 64,699 "," 85,861 ",5.67 ,1.97 ,0.35 ,0.14 ,0.493 ,9.8 ,22.8 ,33.9 ,23.1 ,20.4 ,21.8 ,34.7 
17550,Tweed," 52,525 ", 47 ," 2,987,685,070 "," 45,497 "," 56,881 ",5.19 ,1.87 ,0.36 ,0.13 ,0.476 ,8.4 ,20.9 ,32.0 ,30.1 ,29.3 ,23.3 ,17.2 
17620,Upper Hunter Shire," 8,028 ", 44 ," 579,320,904 "," 52,143 "," 72,163 ",5.29 ,1.95 ,0.37 ,0.12 ,0.590 ,20.6 ,31.1 ,41.4 ,25.8 ,27.1 ,24.1 ,23.0 
17640,Upper Lachlan Shire," 4,805 ", 50 ," 283,744,449 "," 49,802 "," 59,052 ",5.60 ,1.89 ,0.34 ,0.09 ,0.509 ,7.3 ,19.7 ,31.1 ,28.2 ,26.1 ,24.5 ,21.2 
17650,Uralla," 3,263 ", 48 ," 174,642,338 "," 47,703 "," 53,522 ",5.78 ,1.76 ,0.30 ,0.08 ,0.483 ,6.3 ,18.6 ,29.9 ,31.1 ,26.3 ,25.9 ,16.7 
17750,Wagga Wagga," 38,477 ", 41 ," 2,552,229,191 "," 56,711 "," 66,331 ",4.22 ,1.71 ,0.41 ,0.17 ,0.434 ,7.7 ,19.1 ,29.3 ,22.8 ,25.4 ,29.0 ,22.7 
17850,Walcha," 1,803 ", 51 ," 97,733,432 "," 43,679 "," 54,206 ",6.40 ,1.88 ,0.29 ,0.03 ,0.605 ,15.6 ,28.3 ,39.5 ,33.1 ,28.3 ,23.9 ,14.6 
17900,Walgett," 2,523 ", 45 ," 127,768,869 "," 45,522 "," 50,642 ",7.26 ,1.92 ,0.26 ,0.05 ,0.782 ,10.9 ,28.5 ,42.1 ,32.7 ,26.5 ,22.2 ,18.5 
17950,Warren," 1,372 ", 46 ," 84,614,528 "," 51,379 "," 61,672 ",5.63 ,1.81 ,0.32 ,0.07 ,0.640 ,16.0 ,29.0 ,40.1 ,27.8 ,24.8 ,26.4 ,21.0 
18020,Warrumbungle Shire," 4,333 ", 48 ," 209,066,286 "," 41,474 "," 48,250 ",7.76 ,1.90 ,0.25 ,0.04 ,0.584 ,8.4 ,22.0 ,34.4 ,35.4 ,26.9 ,23.4 ,14.3 
18050,Waverley," 47,033 ", 39 ," 5,970,123,372 "," 74,724 "," 126,935 ",5.56 ,2.12 ,0.38 ,0.19 ,0.617 ,19.2 ,36.2 ,47.5 ,18.6 ,19.7 ,20.4 ,41.3 
18100,Weddin," 1,812 ", 50 ," 86,583,178 "," 42,387 "," 47,783 ",7.93 ,1.83 ,0.23 ,0.03 ,0.608 ,7.4 ,21.8 ,34.8 ,34.9 ,27.8 ,22.4 ,14.9 
18200,Wentworth," 3,924 ", 45 ," 223,919,370 "," 47,201 "," 57,064 ",5.99 ,1.91 ,0.32 ,0.11 ,0.546 ,8.4 ,21.9 ,33.5 ,29.8 ,26.4 ,24.6 ,19.3 
18250,Willoughby," 48,703 ", 44 ," 5,433,754,632 "," 66,275 "," 111,569 ",7.31 ,2.30 ,0.32 ,0.11 ,0.586 ,14.4 ,31.5 ,43.8 ,24.3 ,19.1 ,18.3 ,38.2 
18350,Wingecarribee," 30,872 ", 49 ," 2,209,608,379 "," 50,366 "," 71,573 ",5.85 ,2.01 ,0.34 ,0.12 ,0.542 ,13.3 ,27.4 ,38.6 ,28.4 ,25.4 ,22.6 ,23.7 
18400,Wollondilly," 30,985 ", 42 ," 2,202,077,190 "," 60,403 "," 71,069 ",4.16 ,1.77 ,0.43 ,0.20 ,0.422 ,6.1 ,17.3 ,27.9 ,20.7 ,24.5 ,26.9 ,27.9 
18450,Wollongong," 119,074 ", 42 ," 8,184,774,191 "," 55,666 "," 68,737 ",5.09 ,1.89 ,0.37 ,0.14 ,0.457 ,7.3 ,19.4 ,30.3 ,25.0 ,24.4 ,24.4 ,26.2 
18500,Woollahra," 37,212 ", 46 ," 6,951,319,024 "," 84,255 "," 186,803 ",6.73 ,2.31 ,0.34 ,0.15 ,0.678 ,24.9 ,45.6 ,56.9 ,18.5 ,17.1 ,17.6 ,46.8 
18710,Yass Valley," 10,653 ", 47 ," 831,918,296 "," 65,248 "," 78,092 ",4.66 ,1.78 ,0.38 ,0.15 ,0.459 ,7.7 ,20.0 ,30.7 ,21.2 ,21.3 ,25.4 ,32.1 
19399,Unincorporated NSW, 190 , 47 ," 10,321,008 "," 42,445 "," 54,321 ",np,np,np,np,0.924 ,np,34.0 ,49.0 ,32.6 ,26.3 ,21.1 ,20.0 
Victoria,," 3,785,505 ", 41 ," 263,825,637,886 "," 54,008 "," 69,694 ",4.96 ,1.88 ,0.38 ,0.15 ,0.483 ,9.8 ,22.5 ,33.5 ,25.3 ,25.4 ,24.9 ,24.3 
20110,Alpine," 7,898 ", 49 ," 432,457,768 "," 45,303 "," 54,755 ",5.30 ,1.87 ,0.35 ,0.12 ,0.476 ,6.7 ,19.4 ,30.8 ,29.9 ,29.6 ,24.0 ,16.5 
20260,Ararat," 6,183 ", 47 ," 346,358,733 "," 48,634 "," 56,018 ",5.14 ,1.78 ,0.35 ,0.12 ,0.460 ,6.0 ,18.1 ,29.1 ,28.6 ,27.9 ,25.9 ,17.6 
20570,Ballarat," 62,471 ", 42 ," 3,985,755,736 "," 52,462 "," 63,802 ",4.77 ,1.81 ,0.38 ,0.14 ,0.458 ,8.0 ,20.0 ,30.7 ,25.6 ,26.7 ,26.2 ,21.6 
20660,Banyule," 76,421 ", 44 ," 5,971,037,295 "," 60,955 "," 78,133 ",5.28 ,1.89 ,0.36 ,0.13 ,0.480 ,9.3 ,22.0 ,33.0 ,23.8 ,21.9 ,23.8 ,30.5 
20740,Bass Coast," 21,352 ", 49 ," 1,155,695,024 "," 42,831 "," 54,126 ",6.07 ,1.92 ,0.32 ,0.10 ,0.496 ,8.1 ,21.2 ,32.9 ,33.0 ,29.1 ,21.9 ,16.1 
20830,Baw Baw," 32,354 ", 45 ," 1,953,426,227 "," 50,396 "," 60,377 ",5.13 ,1.85 ,0.36 ,0.13 ,0.463 ,6.6 ,18.9 ,30.0 ,27.3 ,27.1 ,25.1 ,20.5 
20910,Bayside," 65,960 ", 49 ," 7,508,768,043 "," 66,576 "," 113,838 ",7.58 ,2.34 ,0.31 ,0.12 ,0.591 ,15.6 ,32.6 ,44.4 ,24.6 ,19.2 ,17.8 ,38.4 
21010,Benalla," 8,099 ", 50 ," 432,130,459 "," 46,422 "," 53,356 ",6.15 ,1.80 ,0.29 ,0.09 ,0.469 ,5.7 ,17.9 ,29.1 ,31.2 ,26.9 ,25.7 ,16.2 
21110,Boroondara," 111,748 ", 46 ," 11,987,370,056 "," 63,799 "," 107,271 ",7.43 ,2.28 ,0.31 ,0.11 ,0.589 ,14.8 ,32.3 ,44.2 ,25.7 ,19.3 ,18.5 ,36.5 
21180,Brimbank," 104,469 ", 39 ," 5,785,743,801 "," 48,013 "," 55,382 ",4.38 ,1.75 ,0.40 ,0.16 ,0.424 ,5.2 ,16.7 ,27.5 ,27.7 ,29.4 ,26.6 ,16.3 
21270,Buloke," 3,527 ", 50 ," 188,039,516 "," 44,987 "," 53,314 ",6.31 ,1.89 ,0.30 ,0.08 ,0.528 ,6.9 ,19.9 ,32.0 ,32.4 ,26.6 ,24.1 ,16.9 
21370,Campaspe," 21,955 ", 47 ," 1,195,820,933 "," 47,868 "," 54,467 ",5.28 ,1.78 ,0.34 ,0.11 ,0.467 ,6.1 ,17.9 ,28.9 ,29.3 ,27.5 ,26.3 ,16.9 
21450,Cardinia," 66,717 ", 39 ," 4,176,542,738 "," 54,374 "," 62,601 ",4.02 ,1.71 ,0.43 ,0.18 ,0.418 ,6.2 ,17.3 ,27.7 ,22.8 ,27.6 ,28.7 ,20.8 
21610,Casey," 201,900 ", 39 ," 12,534,713,150 "," 52,917 "," 62,084 ",3.89 ,1.69 ,0.43 ,0.19 ,0.428 ,8.8 ,19.4 ,29.4 ,23.2 ,29.0 ,29.1 ,18.8 
21670,Central Goldfields," 5,993 ", 49 ," 287,698,827 "," 43,058 "," 48,006 ",5.38 ,1.72 ,0.32 ,0.10 ,0.456 ,5.7 ,17.4 ,28.4 ,32.1 ,31.4 ,25.1 ,11.3 
21750,Colac-Otway," 13,194 ", 46 ," 736,515,714 "," 48,446 "," 55,822 ",4.74 ,1.72 ,0.36 ,0.12 ,0.460 ,6.8 ,19.0 ,29.9 ,27.9 ,28.7 ,27.5 ,15.8 
21830,Corangamite," 9,576 ", 48 ," 527,506,585 "," 47,726 "," 55,086 ",5.49 ,1.80 ,0.33 ,0.09 ,0.512 ,6.9 ,20.1 ,31.6 ,30.0 ,26.8 ,26.0 ,17.2 
21890,Darebin," 89,105 ", 39 ," 6,549,299,205 "," 58,759 "," 73,501 ",4.66 ,1.85 ,0.40 ,0.18 ,0.454 ,7.6 ,20.1 ,31.0 ,22.6 ,24.3 ,25.0 ,28.1 
22110,East Gippsland," 25,932 ", 50 ," 1,331,729,183 "," 43,278 "," 51,355 ",5.90 ,1.83 ,0.31 ,0.09 ,0.480 ,6.9 ,19.4 ,30.7 ,32.1 ,30.1 ,23.4 ,14.4 
22170,Frankston," 79,742 ", 42 ," 5,038,092,573 "," 54,937 "," 63,180 ",4.18 ,1.73 ,0.41 ,0.17 ,0.417 ,5.6 ,16.8 ,27.4 ,23.1 ,26.8 ,28.2 ,21.8 
22250,Gannawarra," 5,735 ", 50 ," 281,210,231 "," 43,827 "," 49,034 ",6.34 ,1.76 ,0.28 ,0.06 ,0.533 ,7.7 ,20.4 ,32.0 ,33.2 ,28.0 ,25.4 ,13.3 
22310,Glen Eira," 93,940 ", 42 ," 8,071,675,242 "," 61,921 "," 85,924 ",5.59 ,2.01 ,0.36 ,0.15 ,0.506 ,10.0 ,24.1 ,35.6 ,23.3 ,21.9 ,21.9 ,32.9 
22410,Glenelg," 11,158 ", 48 ," 637,910,341 "," 48,139 "," 57,171 ",5.68 ,1.87 ,0.33 ,0.11 ,0.466 ,5.9 ,18.1 ,29.2 ,30.0 ,25.9 ,24.7 ,19.4 
22490,Golden Plains," 14,387 ", 44 ," 923,346,645 "," 55,412 "," 64,179 ",4.43 ,1.76 ,0.40 ,0.15 ,0.440 ,6.8 ,18.1 ,28.6 ,23.8 ,25.7 ,27.4 ,23.1 
22620,Greater Bendigo," 67,845 ", 43 ," 4,169,316,448 "," 52,405 "," 61,454 ",4.74 ,1.77 ,0.37 ,0.13 ,0.444 ,6.8 ,18.5 ,29.1 ,25.8 ,26.7 ,27.0 ,20.4 
22670,Greater Dandenong," 85,258 ", 38 ," 4,400,775,360 "," 45,734 "," 51,617 ",4.11 ,1.68 ,0.41 ,0.17 ,0.417 ,5.7 ,16.9 ,27.5 ,28.3 ,32.8 ,26.2 ,12.7 
22750,Greater Geelong," 153,421 ", 42 ," 10,081,521,128 "," 53,301 "," 65,711 ",4.90 ,1.85 ,0.38 ,0.14 ,0.460 ,8.1 ,20.1 ,30.9 ,25.5 ,25.9 ,25.5 ,23.1 
22830,Greater Shepparton," 37,951 ", 43 ," 2,182,999,971 "," 49,600 "," 57,522 ",4.60 ,1.74 ,0.38 ,0.14 ,0.445 ,7.0 ,18.5 ,29.1 ,27.2 ,28.3 ,27.3 ,17.2 
22910,Hepburn," 9,024 ", 51 ," 537,822,544 "," 45,792 "," 59,599 ",6.21 ,1.95 ,0.31 ,0.10 ,0.509 ,9.7 ,23.0 ,34.5 ,31.0 ,27.6 ,22.5 ,18.9 
22980,Hindmarsh," 3,125 ", 49 ," 173,439,266 "," 49,595 "," 55,501 ",5.88 ,1.73 ,0.29 ,0.07 ,0.519 ,7.8 ,20.9 ,32.4 ,29.7 ,27.5 ,25.8 ,17.0 
23110,Hobsons Bay," 53,535 ", 42 ," 4,226,702,803 "," 63,321 "," 78,952 ",4.77 ,1.85 ,0.39 ,0.16 ,0.457 ,7.7 ,20.1 ,31.0 ,21.4 ,22.3 ,24.8 ,31.5 
23190,Horsham," 12,220 ", 45 ," 730,119,659 "," 52,420 "," 59,748 ",4.89 ,1.76 ,0.36 ,0.12 ,0.450 ,5.5 ,17.6 ,28.6 ,26.6 ,26.0 ,27.2 ,20.2 
23270,Hume," 122,692 ", 38 ," 7,156,993,621 "," 50,554 "," 58,333 ",4.23 ,1.75 ,0.41 ,0.18 ,0.419 ,5.4 ,16.6 ,27.3 ,25.6 ,28.8 ,27.4 ,18.3 
23350,Indigo," 10,366 ", 49 ," 607,298,654 "," 51,409 "," 58,586 ",5.26 ,1.79 ,0.34 ,0.11 ,0.451 ,5.7 ,17.2 ,27.9 ,27.6 ,25.5 ,26.5 ,20.5 
23430,Kingston," 95,782 ", 44 ," 6,852,494,844 "," 58,112 "," 71,543 ",4.91 ,1.87 ,0.38 ,0.15 ,0.453 ,6.8 ,19.0 ,30.1 ,23.7 ,23.8 ,24.8 ,27.7 
23670,Knox," 97,056 ", 43 ," 6,178,041,355 "," 53,961 "," 63,654 ",4.73 ,1.80 ,0.38 ,0.14 ,0.438 ,6.0 ,17.6 ,28.5 ,25.0 ,25.8 ,26.5 ,22.8 
23810,Latrobe," 39,978 ", 43 ," 2,511,783,036 "," 51,683 "," 62,829 ",5.22 ,1.89 ,0.36 ,0.13 ,0.455 ,5.8 ,18.1 ,29.6 ,26.4 ,26.5 ,24.6 ,22.5 
23940,Loddon," 3,929 ", 51 ," 190,484,891 "," 41,716 "," 48,482 ",7.00 ,1.84 ,0.26 ,0.06 ,0.527 ,6.2 ,19.6 ,31.6 ,34.5 ,28.0 ,24.1 ,13.5 
24130,Macedon Ranges," 30,286 ", 47 ," 2,301,055,309 "," 58,574 "," 75,978 ",5.34 ,1.93 ,0.36 ,0.13 ,0.487 ,9.3 ,21.8 ,32.9 ,24.2 ,23.2 ,23.1 ,29.5 
24210,Manningham," 76,825 ", 46 ," 5,552,411,985 "," 49,407 "," 72,274 ",6.91 ,2.20 ,0.32 ,0.10 ,0.535 ,10.8 ,25.0 ,37.0 ,30.2 ,23.7 ,19.8 ,26.3 
24250,Mansfield," 5,651 ", 50 ," 322,439,255 "," 44,275 "," 57,059 ",5.71 ,1.89 ,0.33 ,0.11 ,0.518 ,11.0 ,23.7 ,35.0 ,32.0 ,28.5 ,23.1 ,16.4 
24330,Maribyrnong," 54,008 ", 37 ," 3,873,759,930 "," 58,926 "," 71,726 ",4.87 ,1.86 ,0.38 ,0.15 ,0.448 ,6.4 ,18.5 ,29.5 ,23.4 ,23.3 ,24.9 ,28.4 
24410,Maroondah," 68,914 ", 43 ," 4,617,223,590 "," 55,868 "," 67,000 ",4.82 ,1.85 ,0.38 ,0.14 ,0.441 ,5.8 ,17.6 ,28.7 ,24.2 ,25.0 ,25.5 ,25.4 
24600,Melbourne," 97,293 ", 32 ," 7,326,301,738 "," 51,282 "," 75,301 ",6.55 ,2.11 ,0.32 ,0.12 ,0.542 ,13.4 ,27.5 ,38.7 ,29.8 ,22.8 ,20.9 ,26.6 
24650,Melton," 93,158 ", 38 ," 5,741,037,565 "," 54,943 "," 61,627 ",3.98 ,1.69 ,0.43 ,0.19 ,0.403 ,4.7 ,15.5 ,26.0 ,22.7 ,27.3 ,29.2 ,20.9 
24780,Mildura," 32,201 ", 42 ," 1,751,479,279 "," 47,480 "," 54,392 ",4.76 ,1.76 ,0.37 ,0.13 ,0.450 ,6.2 ,17.9 ,28.7 ,28.4 ,29.7 ,26.0 ,15.9 
24850,Mitchell," 27,154 ", 41 ," 1,669,375,266 "," 54,372 "," 61,478 ",4.14 ,1.71 ,0.41 ,0.17 ,0.420 ,5.5 ,16.5 ,27.0 ,23.3 ,27.1 ,28.6 ,20.9 
24900,Moira," 16,506 ", 47 ," 856,151,790 "," 46,233 "," 51,869 ",5.29 ,1.77 ,0.33 ,0.10 ,0.477 ,5.8 ,17.7 ,28.9 ,30.4 ,28.4 ,25.9 ,15.3 
24970,Monash," 115,114 ", 42 ," 7,617,768,030 "," 49,174 "," 66,176 ",6.49 ,2.08 ,0.32 ,0.11 ,0.506 ,8.9 ,22.1 ,33.9 ,30.4 ,24.0 ,21.4 ,24.3 
25060,Moonee Valley," 75,438 ", 42 ," 6,228,515,421 "," 63,247 "," 82,565 ",5.10 ,1.90 ,0.37 ,0.16 ,0.480 ,9.3 ,22.3 ,33.4 ,22.2 ,21.8 ,23.5 ,32.5 
25150,Moorabool," 21,338 ", 43 ," 1,407,229,422 "," 56,171 "," 65,949 ",4.45 ,1.80 ,0.40 ,0.17 ,0.429 ,5.6 ,16.9 ,27.7 ,23.1 ,25.7 ,26.3 ,24.9 
25250,Moreland," 105,303 ", 37 ," 7,489,436,658 "," 59,214 "," 71,123 ",4.52 ,1.82 ,0.40 ,0.18 ,0.435 ,6.2 ,17.9 ,28.8 ,22.2 ,24.3 ,25.3 ,28.1 
25340,Mornington Peninsula," 96,998 ", 48 ," 6,804,181,972 "," 50,236 "," 70,148 ",5.73 ,2.02 ,0.35 ,0.12 ,0.516 ,11.3 ,25.2 ,36.6 ,27.9 ,25.9 ,22.4 ,23.7 
25430,Mount Alexander," 10,794 ", 50 ," 612,459,956 "," 46,010 "," 56,741 ",6.36 ,1.92 ,0.30 ,0.09 ,0.487 ,6.9 ,19.6 ,31.2 ,31.8 ,26.1 ,23.3 ,18.9 
25490,Moyne," 10,422 ", 47 ," 631,135,576 "," 50,360 "," 60,558 ",4.96 ,1.82 ,0.37 ,0.13 ,0.491 ,7.6 ,20.6 ,31.8 ,27.0 ,26.9 ,26.2 ,19.9 
25620,Murrindindi," 8,409 ", 49 ," 470,474,046 "," 45,322 "," 55,949 ",5.94 ,1.91 ,0.32 ,0.09 ,0.494 ,6.8 ,20.0 ,31.7 ,30.6 ,28.2 ,23.7 ,17.5 
25710,Nillumbik," 40,288 ", 47 ," 3,209,883,304 "," 61,042 "," 79,673 ",5.28 ,1.95 ,0.37 ,0.14 ,0.479 ,8.7 ,21.3 ,32.5 ,23.2 ,22.7 ,22.2 ,31.9 
25810,Northern Grampians," 6,585 ", 48 ," 352,867,539 "," 47,512 "," 53,587 ",5.29 ,1.75 ,0.33 ,0.10 ,0.467 ,5.5 ,17.7 ,28.8 ,29.2 ,28.0 ,27.0 ,15.9 
25900,Port Phillip," 71,118 ", 39 ," 7,077,546,308 "," 69,799 "," 99,518 ",5.10 ,1.94 ,0.38 ,0.17 ,0.522 ,12.7 ,27.5 ,38.5 ,20.0 ,20.1 ,22.5 ,37.4 
25990,Pyrenees," 3,842 ", 49 ," 200,448,725 "," 42,815 "," 52,173 ",5.92 ,1.85 ,0.31 ,0.08 ,0.529 ,11.2 ,23.0 ,34.2 ,33.9 ,28.4 ,24.0 ,13.7 
26080,Queenscliffe," 2,123 ", 59 ," 139,091,766 "," 44,029 "," 65,517 ",9.90 ,2.34 ,0.24 ,0.07 ,0.561 ,10.4 ,25.6 ,37.8 ,35.3 ,21.4 ,19.0 ,24.4 
26170,South Gippsland," 17,238 ", 49 ," 939,933,220 "," 45,021 "," 54,527 ",5.90 ,1.92 ,0.32 ,0.10 ,0.495 ,6.8 ,19.6 ,31.1 ,32.0 ,27.1 ,23.6 ,17.4 
26260,Southern Grampians," 9,628 ", 48 ," 536,877,420 "," 48,149 "," 55,762 ",5.05 ,1.76 ,0.35 ,0.11 ,0.477 ,6.5 ,19.4 ,30.6 ,29.0 ,28.2 ,26.0 ,16.8 
26350,Stonnington," 73,814 ", 39 ," 8,907,810,926 "," 71,148 "," 120,679 ",5.76 ,2.06 ,0.36 ,0.15 ,0.594 ,19.5 ,36.5 ,47.1 ,20.8 ,18.8 ,21.5 ,38.8 
26430,Strathbogie," 6,219 ", 51 ," 332,124,550 "," 45,274 "," 53,405 ",5.88 ,1.83 ,0.31 ,0.08 ,0.495 ,7.3 ,19.9 ,31.4 ,31.3 ,28.1 ,24.9 ,15.7 
26490,Surf Coast," 22,863 ", 46 ," 1,695,885,835 "," 55,377 "," 74,176 ",5.79 ,2.02 ,0.35 ,0.13 ,0.499 ,9.4 ,22.5 ,33.9 ,26.1 ,23.5 ,21.9 ,28.5 
26610,Swan Hill," 13,276 ", 42 ," 693,238,239 "," 45,802 "," 52,217 ",4.91 ,1.75 ,0.36 ,0.14 ,0.472 ,6.0 ,18.4 ,29.7 ,30.0 ,30.0 ,25.1 ,14.9 
26670,Towong," 3,569 ", 51 ," 200,852,321 "," 45,632 "," 56,277 ",6.04 ,1.88 ,0.31 ,0.09 ,0.525 ,9.9 ,22.1 ,33.5 ,31.4 ,26.7 ,24.6 ,17.3 
26700,Wangaratta," 17,325 ", 47 ," 1,011,429,460 "," 50,059 "," 58,380 ",5.00 ,1.76 ,0.35 ,0.11 ,0.461 ,7.6 ,19.4 ,30.1 ,27.7 ,27.4 ,26.9 ,18.0 
26730,Warrnambool," 21,596 ", 43 ," 1,328,615,722 "," 52,470 "," 61,521 ",4.48 ,1.74 ,0.39 ,0.16 ,0.436 ,6.8 ,18.8 ,29.3 ,25.1 ,27.4 ,27.8 ,19.7 
26810,Wellington," 24,244 ", 46 ," 1,427,584,706 "," 48,394 "," 58,884 ",5.61 ,1.89 ,0.34 ,0.10 ,0.511 ,8.3 ,21.2 ,32.7 ,29.3 ,27.0 ,23.8 ,19.8 
26890,West Wimmera," 2,329 ", 51 ," 123,312,007 "," 43,521 "," 52,946 ",7.43 ,1.96 ,0.26 ,0.05 ,0.617 ,8.9 ,23.7 ,36.2 ,33.1 ,26.0 ,23.5 ,17.5 
26980,Whitehorse," 103,268 ", 43 ," 7,059,003,191 "," 50,337 "," 68,356 ",6.70 ,2.11 ,0.32 ,0.10 ,0.507 ,8.5 ,21.9 ,33.8 ,30.1 ,23.2 ,20.8 ,25.9 
27070,Whittlesea," 124,710 ", 39 ," 7,531,065,452 "," 52,917 "," 60,389 ",4.04 ,1.72 ,0.43 ,0.19 ,0.407 ,5.1 ,16.0 ,26.5 ,23.7 ,28.3 ,28.2 ,19.7 
27170,Wodonga," 24,902 ", 42 ," 1,515,569,358 "," 54,680 "," 60,861 ",4.04 ,1.64 ,0.41 ,0.16 ,0.410 ,6.3 ,17.0 ,27.1 ,23.4 ,26.8 ,30.7 ,19.1 
27260,Wyndham," 160,696 ", 37 ," 10,074,861,980 "," 53,955 "," 62,695 ",4.30 ,1.78 ,0.41 ,0.19 ,0.419 ,5.2 ,16.4 ,27.2 ,24.0 ,26.9 ,27.0 ,22.0 
27350,Yarra," 60,627 ", 36 ," 5,813,118,949 "," 73,113 "," 95,883 ",4.60 ,1.82 ,0.40 ,0.18 ,0.481 ,10.3 ,24.0 ,34.7 ,18.7 ,18.8 ,24.5 ,38.1 
27450,Yarra Ranges," 93,416 ", 44 ," 6,083,953,022 "," 54,334 "," 65,128 ",4.50 ,1.80 ,0.40 ,0.16 ,0.442 ,7.1 ,18.6 ,29.4 ,24.1 ,26.5 ,26.5 ,22.9 
27630,Yarriambiack," 3,569 ", 51 ," 217,810,849 "," 48,408 "," 61,029 ",5.90 ,1.89 ,0.32 ,0.08 ,0.550 ,8.4 ,23.9 ,35.7 ,29.5 ,26.4 ,24.1 ,20.0 
29399,Unincorporated Vic, 284 , 39 ," 12,815,136 "," 38,087 "," 45,124 ",3.89 ,1.68 ,0.43 ,0.14 ,0.452 ,np,19.8 ,31.0 ,32.6 ,39.0 ,19.9 ,8.5 
Queensland,," 2,973,998 ", 42 ," 198,422,040,159 "," 53,643 "," 66,719 ",4.84 ,1.85 ,0.38 ,0.15 ,0.467 ,8.4 ,20.6 ,31.6 ,25.0 ,26.1 ,25.4 ,23.4 
30250,Aurukun, 289 , 42 ," 12,951,752 "," 25,154 "," 44,816 ",14.03 ,3.25 ,0.23 ,0.07 ,0.548 ,np,18.4 ,32.6 ,50.5 ,16.5 ,16.8 ,16.2 
30300,Balonne," 2,464 ", 44 ," 130,511,624 "," 47,987 "," 52,967 ",5.20 ,1.84 ,0.35 ,0.11 ,0.628 ,8.2 ,22.4 ,34.8 ,28.7 ,27.0 ,26.0 ,18.3 
30370,Banana," 8,285 ", 43 ," 530,714,537 "," 54,453 "," 64,057 ",6.43 ,2.07 ,0.32 ,0.08 ,0.548 ,5.5 ,17.9 ,30.3 ,27.0 ,23.4 ,22.2 ,27.4 
30410,Barcaldine," 1,669 ", 46 ," 99,772,703 "," 51,826 "," 59,780 ",5.50 ,1.92 ,0.35 ,0.11 ,0.565 ,7.6 ,20.5 ,32.5 ,27.4 ,25.3 ,24.7 ,22.6 
30450,Barcoo, 177 , 42 ," 13,202,232 "," 54,624 "," 74,589 ",np,np,np,np,0.491 ,np,27.2 ,37.0 ,23.3 ,27.2 ,23.3 ,26.1 
30760,Blackall-Tambo," 1,061 ", 47 ," 56,292,606 "," 50,201 "," 53,056 ",5.46 ,1.73 ,0.32 ,0.07 ,0.668 ,6.6 ,22.1 ,35.6 ,29.0 ,25.5 ,27.5 ,18.0 
30900,Boulia, 200 , 42 ," 16,451,596 "," 64,592 "," 82,258 ",np,np,np,np,0.417 ,np,19.4 ,30.0 ,14.2 ,22.8 ,36.0 ,26.9 
31000,Brisbane," 775,345 ", 40 ," 60,786,797,363 "," 59,572 "," 78,400 ",5.01 ,1.90 ,0.38 ,0.15 ,0.484 ,9.9 ,23.2 ,34.1 ,23.1 ,23.1 ,24.4 ,29.3 
31750,Bulloo, 197 , 42 ," 14,135,947 "," 63,727 "," 71,756 ",np,np,np,np,0.447 ,np,20.0 ,31.2 ,19.6 ,22.7 ,36.1 ,21.6 
31820,Bundaberg," 50,454 ", 46 ," 2,771,786,367 "," 45,933 "," 54,937 ",5.87 ,1.85 ,0.32 ,0.09 ,0.479 ,7.6 ,19.7 ,30.9 ,30.8 ,28.2 ,24.0 ,17.0 
31900,Burdekin," 10,084 ", 46 ," 622,576,277 "," 52,666 "," 61,739 ",4.60 ,1.79 ,0.39 ,0.14 ,0.451 ,6.3 ,17.8 ,28.7 ,24.7 ,27.2 ,26.3 ,21.9 
31950,Burke, 169 , 39 ," 10,625,291 "," 49,558 "," 62,872 ",np,np,np,np,0.446 ,np,19.6 ,31.3 ,25.9 ,29.4 ,24.7 ,20.0 
32080,Cairns," 97,724 ", 43 ," 6,221,746,360 "," 53,128 "," 63,667 ",4.34 ,1.79 ,0.41 ,0.17 ,0.435 ,7.0 ,18.6 ,29.2 ,23.9 ,27.9 ,26.5 ,21.7 
32250,Carpentaria," 1,077 ", 42 ," 65,177,844 "," 54,964 "," 60,518 ",4.45 ,1.69 ,0.38 ,0.19 ,0.412 ,4.2 ,15.4 ,26.0 ,24.6 ,25.4 ,29.0 ,21.0 
32260,Cassowary Coast," 16,497 ", 47 ," 853,375,623 "," 44,031 "," 51,729 ",5.14 ,1.83 ,0.36 ,0.12 ,0.460 ,6.0 ,18.1 ,29.5 ,30.6 ,31.8 ,22.8 ,14.8 
32270,Central Highlands," 16,222 ", 40 ," 1,252,157,105 "," 64,442 "," 77,189 ",5.43 ,2.03 ,0.37 ,0.15 ,0.502 ,5.4 ,17.1 ,28.8 ,21.8 ,21.9 ,21.0 ,35.2 
32310,Charters Towers," 5,913 ", 44 ," 365,532,636 "," 52,941 "," 61,818 ",5.25 ,1.86 ,0.35 ,0.13 ,0.484 ,6.0 ,17.9 ,29.3 ,26.9 ,24.7 ,24.8 ,23.5 
32330,Cherbourg, 271 , 38 ," 10,112,294 "," 33,148 "," 37,315 ",8.56 ,1.82 ,0.21 ,0.09 ,0.456 ,np,15.7 ,28.0 ,43.3 ,32.6 ,17.4 ,6.7 
32450,Cloncurry," 1,634 ", 39 ," 132,813,142 "," 68,917 "," 81,281 ",4.03 ,1.77 ,0.44 ,0.20 ,0.451 ,7.9 ,19.3 ,29.5 ,18.1 ,21.7 ,25.5 ,34.6 
32500,Cook," 2,108 ", 45 ," 116,203,127 "," 48,924 "," 55,125 ",4.92 ,1.78 ,0.36 ,0.14 ,0.460 ,5.0 ,16.9 ,28.2 ,28.0 ,28.0 ,26.5 ,17.5 
32600,Croydon, 142 , 42 ," 7,478,608 "," 47,070 "," 52,666 ",np,np,np,np,0.389 ,np,14.6 ,25.1 ,25.0 ,34.3 ,25.0 ,15.7 
32750,Diamantina, 176 , 39 ," 13,893,625 "," 60,283 "," 78,941 ",np,np,np,np,0.471 ,np,28.6 ,37.3 ,15.7 ,28.7 ,31.5 ,24.2 
32770,Doomadgee, 374 , 39 ," 16,274,465 "," 29,611 "," 43,515 ",10.37 ,2.67 ,0.26 ,0.11 ,0.512 ,np,17.1 ,31.1 ,46.5 ,22.8 ,16.7 ,14.0 
32810,Douglas," 7,565 ", 46 ," 396,505,665 "," 44,884 "," 52,413 ",4.25 ,1.75 ,0.41 ,0.16 ,0.439 ,5.7 ,18.0 ,29.1 ,27.8 ,34.6 ,23.9 ,13.8 
33100,Etheridge, 455 , 46 ," 24,651,691 "," 44,430 "," 54,180 ",5.27 ,2.05 ,0.39 ,0.04 ,0.665 ,np,23.3 ,36.7 ,30.8 ,26.2 ,23.1 ,20.0 
33200,Flinders, 951 , 46 ," 61,810,162 "," 54,661 "," 64,995 ",4.93 ,1.89 ,0.38 ,0.09 ,0.541 ,7.3 ,20.7 ,32.4 ,24.6 ,25.4 ,24.5 ,25.4 
33220,Fraser Coast," 51,394 ", 48 ," 2,711,100,635 "," 44,017 "," 52,751 ",6.37 ,1.88 ,0.29 ,0.08 ,0.476 ,6.8 ,19.0 ,30.5 ,32.7 ,28.3 ,23.0 ,16.0 
33360,Gladstone," 34,865 ", 43 ," 2,535,923,337 "," 59,413 "," 72,736 ",6.01 ,1.99 ,0.33 ,0.11 ,0.461 ,5.6 ,16.9 ,28.2 ,25.1 ,21.7 ,20.9 ,32.3 
33430,Gold Coast," 378,436 ", 42 ," 24,280,805,984 "," 49,943 "," 64,161 ",4.64 ,1.86 ,0.40 ,0.16 ,0.476 ,9.8 ,22.4 ,33.2 ,26.1 ,29.0 ,24.6 ,20.3 
33610,Goondiwindi," 6,228 ", 43 ," 317,520,476 "," 47,613 "," 50,983 ",5.43 ,1.74 ,0.32 ,0.09 ,0.592 ,8.6 ,21.5 ,33.0 ,29.7 ,27.3 ,27.5 ,15.5 
33620,Gympie," 26,729 ", 47 ," 1,336,070,177 "," 42,055 "," 49,986 ",6.43 ,1.88 ,0.29 ,0.07 ,0.498 ,6.6 ,19.3 ,31.1 ,34.0 ,29.2 ,22.1 ,14.6 
33800,Hinchinbrook," 5,971 ", 51 ," 341,440,080 "," 50,005 "," 57,183 ",5.02 ,1.84 ,0.37 ,0.12 ,0.441 ,4.7 ,15.7 ,26.7 ,27.0 ,27.5 ,25.4 ,20.2 
33830,Hope Vale, 332 , 39 ," 16,398,462 "," 40,975 "," 49,393 ",8.78 ,1.98 ,0.23 ,0.07 ,0.466 ,np,14.6 ,27.1 ,36.0 ,27.2 ,19.6 ,17.2 
33960,Ipswich," 122,629 ", 38 ," 7,429,862,822 "," 55,074 "," 60,588 ",3.96 ,1.65 ,0.42 ,0.17 ,0.395 ,4.9 ,15.4 ,25.6 ,22.8 ,27.0 ,30.5 ,19.7 
33980,Isaac," 11,059 ", 39 ," 995,131,730 "," 78,562 "," 89,984 ",5.11 ,1.94 ,0.38 ,0.17 ,0.448 ,4.6 ,14.9 ,25.5 ,18.1 ,18.3 ,19.9 ,43.7 
34420,Kowanyama, 306 , 43 ," 13,333,537 "," 31,137 "," 43,574 ",10.48 ,2.47 ,0.24 ,0.11 ,0.507 ,np,17.4 ,30.5 ,42.9 ,26.3 ,17.9 ,13.0 
34530,Livingstone," 22,261 ", 46 ," 1,593,521,256 "," 58,191 "," 71,584 ",5.66 ,1.97 ,0.35 ,0.13 ,0.465 ,5.9 ,17.6 ,29.1 ,24.5 ,23.0 ,22.4 ,30.1 
34570,Lockhart River, 197 , 40 ," 8,915,502 "," 30,274 "," 45,256 ",np,np,np,np,0.522 ,np,20.9 ,34.5 ,45.2 ,26.6 ,14.6 ,13.6 
34580,Lockyer Valley," 22,602 ", 42 ," 1,233,495,501 "," 48,696 "," 54,575 ",4.68 ,1.73 ,0.37 ,0.12 ,0.439 ,5.6 ,16.9 ,27.8 ,27.6 ,29.6 ,26.7 ,16.1 
34590,Logan," 182,631 ", 39 ," 10,524,476,135 "," 52,000 "," 57,627 ",4.01 ,1.66 ,0.41 ,0.17 ,0.402 ,5.0 ,15.8 ,26.2 ,24.4 ,28.9 ,29.7 ,17.0 
34710,Longreach," 2,195 ", 42 ," 138,337,998 "," 57,256 "," 63,024 ",4.12 ,1.67 ,0.41 ,0.14 ,0.475 ,6.4 ,18.5 ,29.2 ,22.4 ,25.4 ,30.1 ,22.1 
34770,Mackay," 74,055 ", 42 ," 5,565,672,686 "," 62,758 "," 75,156 ",4.70 ,1.88 ,0.40 ,0.17 ,0.433 ,5.6 ,16.5 ,27.5 ,21.1 ,22.7 ,24.1 ,32.1 
34800,McKinlay, 539 , 40 ," 33,661,790 "," 56,532 "," 62,452 ",3.89 ,1.78 ,0.46 ,0.22 ,0.720 ,9.6 ,27.7 ,40.1 ,20.1 ,28.7 ,28.5 ,22.7 
34830,Mapoon, 118 , 36 ," 5,102,007 "," 34,455 "," 43,237 ",np,np,np,np,0.485 ,np,15.4 ,29.2 ,40.0 ,31.3 ,16.5 ,12.2 
34860,Maranoa," 7,657 ", 42 ," 443,580,067 "," 52,961 "," 57,931 ",4.88 ,1.81 ,0.37 ,0.11 ,0.599 ,8.0 ,21.1 ,33.1 ,25.9 ,26.0 ,26.3 ,21.8 
34880,Mareeba," 12,768 ", 46 ," 664,651,832 "," 45,000 "," 52,056 ",5.71 ,1.83 ,0.32 ,0.11 ,0.476 ,6.0 ,18.2 ,29.7 ,31.3 ,29.2 ,23.9 ,15.6 
35010,Moreton Bay," 265,509 ", 42 ," 16,671,123,899 "," 53,523 "," 62,789 ",4.51 ,1.77 ,0.39 ,0.15 ,0.432 ,6.2 ,17.7 ,28.5 ,24.5 ,26.9 ,27.3 ,21.4 
35250,Mornington, 304 , 39 ," 16,526,606 "," 42,383 "," 54,364 ",6.49 ,2.21 ,0.34 ,0.14 ,0.453 ,np,16.2 ,27.8 ,33.7 ,26.7 ,18.8 ,20.8 
35300,Mount Isa," 11,356 ", 37 ," 961,715,668 "," 76,359 "," 84,688 ",4.04 ,1.73 ,0.43 ,0.20 ,0.387 ,5.1 ,14.5 ,24.3 ,16.3 ,19.4 ,23.9 ,40.4 
35600,Murweh," 2,437 ", 43 ," 146,613,533 "," 52,028 "," 60,161 ",4.36 ,1.77 ,0.40 ,0.12 ,0.493 ,7.7 ,20.3 ,31.2 ,24.5 ,28.6 ,27.0 ,19.9 
35670,Napranum, 283 , 41 ," 12,947,263 "," 32,970 "," 45,750 ",12.73 ,2.47 ,0.19 ,0.07 ,0.507 ,np,15.1 ,28.4 ,44.9 ,18.4 ,19.8 ,17.0 
35740,Noosa," 35,152 ", 50 ," 2,282,186,162 "," 44,651 "," 64,923 ",6.25 ,2.07 ,0.33 ,0.11 ,0.546 ,13.4 ,27.8 ,39.4 ,31.6 ,28.4 ,20.2 ,19.8 
35760,North Burnett," 5,596 ", 48 ," 259,012,801 "," 40,326 "," 46,285 ",6.72 ,1.86 ,0.28 ,0.05 ,0.572 ,6.8 ,20.8 ,33.4 ,34.7 ,30.6 ,21.1 ,13.7 
35780,Northern Peninsula Area," 1,001 ", 37 ," 49,570,774 "," 43,404 "," 49,521 ",4.77 ,1.81 ,0.38 ,0.20 ,0.420 ,4.1 ,15.5 ,26.8 ,31.6 ,31.6 ,23.0 ,13.7 
35790,Palm Island, 507 , 42 ," 24,731,158 "," 40,631 "," 48,779 ",7.08 ,1.95 ,0.28 ,0.10 ,0.449 ,5.0 ,15.8 ,27.0 ,33.3 ,28.2 ,23.7 ,14.8 
35800,Paroo, 749 , 46 ," 37,914,605 "," 46,800 "," 50,620 ",6.25 ,1.86 ,0.30 ,0.07 ,0.559 ,4.7 ,17.4 ,29.6 ,29.2 ,26.4 ,26.4 ,18.1 
36070,Pormpuraaw, 238 , 42 ," 8,503,564 "," 25,071 "," 35,729 ",10.54 ,2.45 ,0.23 ,0.11 ,0.550 ,np,20.4 ,35.5 ,52.3 ,24.7 ,13.2 ,9.8 
36150,Quilpie, 514 , 44 ," 28,526,819 "," 54,947 "," 55,500 ",4.75 ,1.74 ,0.37 ,0.08 ,0.661 ,8.7 ,21.8 ,34.2 ,23.8 ,26.1 ,27.7 ,22.4 
36250,Redland," 93,594 ", 45 ," 6,320,237,833 "," 55,712 "," 67,528 ",4.59 ,1.80 ,0.39 ,0.15 ,0.446 ,7.6 ,19.4 ,30.1 ,23.8 ,25.4 ,26.6 ,24.2 
36300,Richmond, 540 , 42 ," 49,206,780 "," 56,701 "," 91,124 ",4.76 ,1.95 ,0.41 ,0.17 ,0.629 ,24.1 ,38.6 ,48.3 ,22.3 ,26.5 ,25.2 ,26.0 
36370,Rockhampton," 44,313 ", 40 ," 2,986,970,382 "," 57,127 "," 67,406 ",4.54 ,1.81 ,0.40 ,0.16 ,0.433 ,6.1 ,17.3 ,28.1 ,22.8 ,25.2 ,26.4 ,25.7 
36510,Scenic Rim," 23,564 ", 48 ," 1,334,800,767 "," 47,488 "," 56,646 ",5.66 ,1.86 ,0.33 ,0.10 ,0.479 ,7.0 ,19.2 ,30.5 ,29.9 ,27.4 ,24.1 ,18.5 
36580,Somerset," 13,112 ", 45 ," 714,896,309 "," 49,272 "," 54,522 ",5.22 ,1.72 ,0.33 ,0.10 ,0.467 ,6.4 ,17.9 ,28.7 ,28.9 ,26.6 ,28.1 ,16.4 
36630,South Burnett," 15,864 ", 46 ," 801,557,357 "," 44,020 "," 50,527 ",6.69 ,1.84 ,0.28 ,0.07 ,0.501 ,5.6 ,18.4 ,30.6 ,33.2 ,28.4 ,22.9 ,15.5 
36660,Southern Downs," 19,369 ", 47 ," 927,628,758 "," 41,901 "," 47,892 ",5.96 ,1.77 ,0.30 ,0.07 ,0.503 ,7.7 ,19.9 ,31.3 ,34.1 ,30.2 ,23.4 ,12.3 
36720,Sunshine Coast," 205,459 ", 45 ," 12,815,483,116 "," 49,322 "," 62,375 ",5.22 ,1.90 ,0.36 ,0.13 ,0.475 ,8.1 ,20.9 ,32.1 ,27.7 ,27.8 ,23.8 ,20.7 
36820,Tablelands," 14,442 ", 49 ," 755,580,415 "," 44,060 "," 52,318 ",6.34 ,1.89 ,0.30 ,0.08 ,0.497 ,6.2 ,19.1 ,30.9 ,32.3 ,29.1 ,22.3 ,16.3 
36910,Toowoomba," 96,913 ", 43 ," 5,962,645,542 "," 52,672 "," 61,526 ",5.03 ,1.77 ,0.35 ,0.11 ,0.463 ,7.6 ,19.4 ,30.2 ,26.5 ,25.7 ,27.1 ,20.6 
36950,Torres," 1,701 ", 39 ," 119,727,568 "," 62,486 "," 70,387 ",4.06 ,1.69 ,0.42 ,0.17 ,0.410 ,6.1 ,16.6 ,26.7 ,19.9 ,23.8 ,27.8 ,28.5 
36960,Torres Strait Island," 1,225 ", 39 ," 57,326,058 "," 41,313 "," 46,797 ",4.13 ,1.71 ,0.41 ,0.19 ,0.403 ,3.8 ,14.8 ,25.6 ,29.7 ,34.8 ,24.7 ,10.8 
37010,Townsville," 111,390 ", 41 ," 7,621,636,211 "," 59,712 "," 68,423 ",4.06 ,1.70 ,0.42 ,0.18 ,0.415 ,6.4 ,17.4 ,27.6 ,21.2 ,24.5 ,29.0 ,25.2 
37300,Weipa," 2,566 ", 37 ," 239,293,445 "," 91,494 "," 93,255 ",3.23 ,1.52 ,0.47 ,0.23 ,0.387 ,5.6 ,14.4 ,23.6 ,13.3 ,15.5 ,21.2 ,50.1 
37310,Western Downs," 18,150 ", 43 ," 966,233,150 "," 47,607 "," 53,236 ",6.10 ,1.84 ,0.30 ,0.08 ,0.569 ,7.1 ,20.1 ,32.3 ,30.4 ,26.3 ,25.0 ,18.3 
37340,Whitsunday," 21,977 ", 42 ," 1,375,787,585 "," 50,572 "," 62,601 ",4.61 ,1.90 ,0.41 ,0.16 ,0.453 ,6.2 ,18.3 ,30.0 ,24.8 ,29.7 ,24.1 ,21.4 
37400,Winton, 699 , 45 ," 42,603,507 "," 53,415 "," 60,949 ",3.99 ,1.73 ,0.43 ,0.12 ,0.498 ,8.7 ,20.2 ,30.8 ,22.6 ,28.9 ,28.1 ,20.4 
37550,Woorabinda, 232 , 36 ," 10,729,378 "," 39,395 "," 46,247 ",5.12 ,1.91 ,0.37 ,0.11 ,0.442 ,np,16.3 ,28.3 ,32.6 ,37.8 ,18.5 ,11.2 
37570,Wujal Wujal, 89 , 42 ," 4,131,187 "," 38,399 "," 46,418 ",np,np,np,np,np,np,np,np,35.9 ,34.8 ,16.3 ,13.0 
37600,Yarrabah, 601 , 38 ," 25,354,037 "," 36,507 "," 42,186 ",6.96 ,1.81 ,0.26 ,0.10 ,0.461 ,6.2 ,18.4 ,29.3 ,39.5 ,31.3 ,22.0 ,7.2 
South Australia,," 1,009,121 ", 43 ," 64,181,556,748 "," 52,767 "," 63,601 ",4.54 ,1.77 ,0.39 ,0.15 ,0.454 ,8.0 ,20.1 ,30.7 ,25.1 ,26.9 ,27.1 ,20.9 
40070,Adelaide," 14,760 ", 37 ," 1,136,420,165 "," 49,727 "," 76,993 ",7.27 ,2.18 ,0.30 ,0.10 ,0.564 ,13.3 ,29.3 ,41.2 ,31.0 ,22.7 ,20.5 ,25.8 
40120,Adelaide Hills," 25,534 ", 48 ," 1,978,239,322 "," 58,324 "," 77,475 ",5.19 ,1.91 ,0.37 ,0.14 ,0.498 ,10.2 ,24.0 ,35.1 ,24.2 ,23.3 ,23.6 ,28.9 
40150,Adelaide Plains," 5,577 ", 45 ," 324,861,651 "," 52,657 "," 58,250 ",3.70 ,1.67 ,0.45 ,0.21 ,0.414 ,5.1 ,15.9 ,26.3 ,22.5 ,29.9 ,29.8 ,17.8 
40220,Alexandrina," 15,098 ", 51 ," 795,390,040 "," 43,883 "," 52,682 ",5.92 ,1.86 ,0.31 ,0.08 ,0.477 ,6.3 ,19.2 ,30.7 ,32.1 ,28.6 ,23.9 ,15.4 
40250,Anangu Pitjantjatjara, 267 , 36 ," 15,442,776 "," 47,949 "," 57,838 ",10.42 ,1.99 ,0.19 ,0.08 ,0.471 ,np,15.3 ,28.0 ,34.4 ,18.9 ,21.5 ,25.2 
40310,Barossa," 14,729 ", 47 ," 888,118,008 "," 52,389 "," 60,297 ",4.51 ,1.73 ,0.38 ,0.13 ,0.434 ,5.7 ,17.3 ,28.0 ,25.4 ,26.8 ,28.1 ,19.7 
40430,Barunga West," 1,249 ", 53 ," 64,972,735 "," 42,335 "," 52,020 ",8.37 ,2.04 ,0.24 ,0.05 ,0.565 ,7.3 ,21.2 ,33.6 ,35.3 ,25.8 ,20.9 ,18.0 
40520,Berri and Barmera," 5,723 ", 46 ," 302,957,046 "," 47,995 "," 52,937 ",4.43 ,1.67 ,0.38 ,0.14 ,0.416 ,4.7 ,15.9 ,26.5 ,27.6 ,30.4 ,28.2 ,13.9 
40700,Burnside," 30,084 ", 49 ," 2,845,606,798 "," 60,992 "," 94,589 ",6.59 ,2.15 ,0.33 ,0.12 ,0.554 ,11.8 ,28.6 ,40.5 ,25.4 ,20.7 ,20.3 ,33.7 
40910,Campbelltown," 32,314 ", 43 ," 2,008,475,475 "," 52,875 "," 62,155 ",4.69 ,1.79 ,0.38 ,0.15 ,0.437 ,6.3 ,18.0 ,28.7 ,25.7 ,26.3 ,26.5 ,21.4 
41010,Ceduna," 2,088 ", 45 ," 121,893,208 "," 51,316 "," 58,378 ",4.75 ,1.77 ,0.37 ,0.14 ,0.448 ,5.8 ,16.9 ,27.6 ,26.3 ,26.5 ,27.2 ,20.0 
41060,Charles Sturt," 72,074 ", 42 ," 4,773,306,556 "," 55,820 "," 66,228 ",4.26 ,1.74 ,0.41 ,0.17 ,0.433 ,7.1 ,18.7 ,29.3 ,22.9 ,26.1 ,27.8 ,23.1 
41140,Clare and Gilbert Valleys," 5,368 ", 49 ," 314,172,576 "," 48,100 "," 58,527 ",5.02 ,1.87 ,0.37 ,0.11 ,0.469 ,6.9 ,19.4 ,30.8 ,28.3 ,28.2 ,24.4 ,19.1 
41190,Cleve," 1,020 ", 48 ," 38,368,200 "," 39,313 "," 37,616 ",13.58 ,1.89 ,0.14 ,0.00 ,0.841 ,7.1 ,23.0 ,38.0 ,38.6 ,27.1 ,21.6 ,12.8 
41330,Coober Pedy, 746 , 42 ," 41,153,314 "," 48,550 "," 55,165 ",4.95 ,1.74 ,0.35 ,0.11 ,0.435 ,4.7 ,16.4 ,27.2 ,28.8 ,26.2 ,27.3 ,17.6 
41560,Copper Coast," 7,259 ", 50 ," 378,087,766 "," 44,688 "," 52,085 ",5.49 ,1.83 ,0.33 ,0.10 ,0.469 ,5.2 ,17.9 ,29.6 ,31.1 ,30.1 ,23.2 ,15.5 
41750,Elliston, 587 , 49 ," 23,742,183 "," 38,749 "," 40,447 ",9.21 ,2.09 ,0.23 ,0.02 ,0.851 ,6.8 ,24.1 ,39.6 ,37.1 ,27.1 ,20.0 ,15.8 
41830,Flinders Ranges, 921 , 51 ," 52,093,076 "," 48,977 "," 56,561 ",6.53 ,1.86 ,0.28 ,0.09 ,0.456 ,5.1 ,16.3 ,27.4 ,29.6 ,24.9 ,25.1 ,20.4 
41960,Franklin Harbour, 708 , 51 ," 36,654,680 "," 45,916 "," 51,772 ",7.99 ,1.90 ,0.24 ,0.02 ,0.589 ,6.1 ,19.6 ,32.4 ,33.0 ,26.9 ,21.2 ,19.0 
42030,Gawler," 13,484 ", 43 ," 793,069,900 "," 53,146 "," 58,816 ",4.05 ,1.66 ,0.41 ,0.17 ,0.401 ,4.8 ,15.6 ,25.8 ,24.1 ,27.6 ,30.2 ,18.1 
42110,Goyder," 2,141 ", 50 ," 100,058,340 "," 38,479 "," 46,734 ",7.50 ,1.98 ,0.26 ,0.05 ,0.527 ,7.3 ,20.2 ,32.3 ,36.7 ,28.8 ,21.6 ,12.9 
42250,Grant," 4,530 ", 46 ," 278,745,338 "," 52,600 "," 61,533 ",4.28 ,1.78 ,0.42 ,0.17 ,0.445 ,6.1 ,18.0 ,28.9 ,23.9 ,28.6 ,26.5 ,21.0 
42600,Holdfast Bay," 23,956 ", 49 ," 1,862,343,883 "," 58,058 "," 77,740 ",5.27 ,1.94 ,0.37 ,0.13 ,0.496 ,10.0 ,23.5 ,34.7 ,24.2 ,23.4 ,23.4 ,29.1 
42750,Kangaroo Island," 2,943 ", 50 ," 144,683,779 "," 41,227 "," 49,162 ",5.74 ,1.87 ,0.33 ,0.07 ,0.535 ,6.0 ,20.1 ,32.6 ,32.8 ,31.2 ,21.8 ,14.2 
43080,Karoonda East Murray, 539 , 51 ," 20,454,993 "," 34,643 "," 37,950 ",45.19 ,2.04 ,0.05 ,np,0.776 ,8.4 ,24.4 ,39.5 ,44.4 ,25.4 ,18.7 ,11.6 
43220,Kimba, 625 , 48 ," 20,830,381 "," 35,257 "," 33,329 ",34.74 ,2.11 ,0.06 ,np,1.053 ,8.7 ,26.9 ,43.6 ,43.0 ,21.9 ,22.4 ,12.8 
43360,Kingston," 1,348 ", 51 ," 91,931,627 "," 50,655 "," 68,199 ",5.05 ,1.79 ,0.35 ,0.13 ,0.558 ,13.3 ,29.3 ,40.0 ,27.7 ,26.6 ,26.2 ,19.6 
43650,Light," 9,266 ", 46 ," 566,077,720 "," 54,233 "," 61,092 ",3.98 ,1.69 ,0.43 ,0.17 ,0.423 ,5.8 ,17.0 ,27.4 ,23.0 ,27.7 ,29.1 ,20.1 
43710,Lower Eyre Peninsula," 3,334 ", 47 ," 202,360,207 "," 52,973 "," 60,696 ",4.83 ,1.80 ,0.37 ,0.12 ,0.484 ,5.9 ,18.3 ,29.7 ,24.9 ,26.9 ,26.6 ,21.6 
43790,Loxton Waikerie," 6,471 ", 47 ," 344,912,399 "," 47,153 "," 53,301 ",4.76 ,1.71 ,0.36 ,0.11 ,0.470 ,6.2 ,19.0 ,30.0 ,28.3 ,30.6 ,26.6 ,14.5 
44000,Maralinga Tjarutja, 12 , 44 ," 660,262 "," 70,328 "," 55,022 ",np,np,np,np,np,np,np,np,np,np,np,np
44060,Marion," 55,927 ", 41 ," 3,483,558,017 "," 55,331 "," 62,288 ",4.16 ,1.71 ,0.41 ,0.16 ,0.409 ,5.1 ,16.1 ,26.5 ,23.3 ,26.3 ,28.9 ,21.5 
44210,Mid Murray," 4,365 ", 51 ," 202,595,181 "," 41,051 "," 46,414 ",6.40 ,1.81 ,0.28 ,0.06 ,0.506 ,6.2 ,18.7 ,30.3 ,34.7 ,29.2 ,24.4 ,11.7 
44340,Mitcham," 42,455 ", 46 ," 3,270,344,371 "," 58,863 "," 77,031 ",5.42 ,1.92 ,0.35 ,0.13 ,0.489 ,9.7 ,22.7 ,33.8 ,24.5 ,22.6 ,23.1 ,29.7 
44550,Mount Barker," 23,278 ", 44 ," 1,489,977,879 "," 53,810 "," 64,008 ",4.41 ,1.77 ,0.40 ,0.16 ,0.441 ,7.3 ,19.0 ,29.6 ,24.4 ,26.7 ,27.4 ,21.5 
44620,Mount Gambier," 15,211 ", 44 ," 879,070,111 "," 51,676 "," 57,792 ",3.96 ,1.65 ,0.42 ,0.18 ,0.410 ,5.9 ,17.0 ,27.1 ,24.4 ,29.2 ,29.8 ,16.6 
44830,Mount Remarkable," 1,537 ", 54 ," 76,206,017 "," 45,417 "," 49,581 ",6.84 ,1.87 ,0.27 ,0.05 ,0.607 ,6.9 ,20.0 ,32.7 ,34.2 ,24.4 ,24.4 ,17.0 
45040,Murray Bridge," 11,082 ", 44 ," 550,893,825 "," 45,828 "," 49,711 ",4.89 ,1.66 ,0.34 ,0.11 ,0.427 ,4.9 ,16.1 ,26.7 ,29.3 ,31.4 ,27.2 ,12.1 
45090,Naracoorte and Lucindale," 5,520 ", 45 ," 326,667,209 "," 49,060 "," 59,179 ",4.31 ,1.74 ,0.40 ,0.15 ,0.478 ,7.4 ,21.3 ,32.5 ,25.6 ,31.2 ,26.3 ,16.8 
45120,Northern Areas," 2,559 ", 49 ," 142,156,175 "," 47,176 "," 55,551 ",6.05 ,1.90 ,0.31 ,0.10 ,0.503 ,5.6 ,18.4 ,30.5 ,29.9 ,27.2 ,23.7 ,19.1 
45290,Norwood Payneham St Peters," 23,344 ", 43 ," 1,848,574,925 "," 57,571 "," 79,188 ",5.33 ,1.98 ,0.37 ,0.14 ,0.508 ,9.8 ,24.5 ,36.0 ,24.4 ,23.7 ,23.0 ,28.8 
45340,Onkaparinga," 97,600 ", 44 ," 5,639,861,990 "," 52,217 "," 57,785 ",4.04 ,1.66 ,0.41 ,0.16 ,0.405 ,5.2 ,16.0 ,26.3 ,24.4 ,28.6 ,29.8 ,17.2 
45400,Orroroo/Carrieton, 476 , 52 ," 23,013,856 "," 38,140 "," 48,348 ",10.78 ,2.23 ,0.21 ,0.01 ,0.598 ,np,21.1 ,33.9 ,36.6 ,26.5 ,20.2 ,16.6 
45540,Peterborough, 647 , 51 ," 27,847,726 "," 36,012 "," 43,041 ",6.69 ,1.90 ,0.28 ,0.11 ,0.490 ,4.5 ,17.9 ,30.4 ,37.9 ,32.0 ,19.3 ,10.8 
45680,Playford," 46,251 ", 38 ," 2,460,123,947 "," 49,898 "," 53,191 ",3.80 ,1.58 ,0.42 ,0.18 ,0.385 ,4.4 ,14.6 ,24.8 ,25.1 ,30.9 ,31.1 ,12.9 
45890,Port Adelaide Enfield," 73,590 ", 39 ," 4,357,318,382 "," 52,685 "," 59,211 ",4.06 ,1.70 ,0.42 ,0.18 ,0.405 ,5.0 ,15.9 ,26.3 ,24.2 ,28.0 ,28.8 ,19.0 
46090,Port Augusta," 6,817 ", 43 ," 424,015,441 "," 54,570 "," 62,200 ",4.61 ,1.78 ,0.39 ,0.16 ,0.416 ,4.7 ,15.5 ,26.1 ,24.7 ,25.8 ,26.5 ,23.1 
46300,Port Lincoln," 8,297 ", 44 ," 497,490,548 "," 50,216 "," 59,960 ",4.29 ,1.77 ,0.41 ,0.16 ,0.439 ,7.6 ,19.3 ,29.9 ,25.1 ,30.3 ,26.3 ,18.4 
46450,Port Pirie City and Dists," 8,268 ", 44 ," 475,493,838 "," 50,603 "," 57,510 ",4.98 ,1.78 ,0.36 ,0.13 ,0.438 ,5.0 ,16.3 ,27.1 ,27.2 ,26.7 ,26.7 ,19.4 
46510,Prospect," 14,002 ", 41 ," 1,054,870,851 "," 60,581 "," 75,337 ",4.53 ,1.83 ,0.40 ,0.19 ,0.449 ,7.4 ,19.8 ,30.8 ,21.7 ,23.6 ,25.9 ,28.9 
46670,Renmark Paringa," 5,463 ", 44 ," 288,196,814 "," 47,060 "," 52,754 ",4.27 ,1.66 ,0.39 ,0.16 ,0.438 ,6.6 ,18.4 ,28.8 ,28.1 ,31.9 ,26.7 ,13.2 
46860,Robe," 1,006 ", 52 ," 63,235,866 "," 47,036 "," 62,859 ",6.42 ,1.92 ,0.30 ,0.09 ,0.550 ,9.1 ,25.1 ,37.4 ,30.4 ,26.9 ,23.5 ,19.2 
46970,Roxby Downs," 2,435 ", 37 ," 259,624,964 "," 103,653 "," 106,622 ",3.59 ,1.56 ,0.43 ,0.22 ,0.354 ,3.6 ,12.4 ,22.0 ,11.8 ,13.6 ,18.0 ,56.7 
47140,Salisbury," 75,385 ", 39 ," 4,061,406,816 "," 50,178 "," 53,876 ",3.80 ,1.60 ,0.42 ,0.18 ,0.386 ,4.5 ,14.9 ,25.0 ,25.1 ,30.7 ,30.7 ,13.6 
47290,Southern Mallee," 1,269 ", 46 ," 60,653,845 "," 46,101 "," 47,797 ",6.46 ,1.77 ,0.27 ,0.04 ,0.637 ,7.7 ,21.6 ,33.5 ,32.8 ,24.5 ,28.0 ,14.7 
47490,Streaky Bay," 1,307 ", 48 ," 67,218,680 "," 43,202 "," 51,430 ",5.37 ,1.87 ,0.35 ,0.10 ,0.493 ,5.2 ,18.0 ,30.4 ,31.9 ,30.2 ,22.1 ,15.8 
47630,Tatiara," 4,488 ", 45 ," 242,509,082 "," 49,180 "," 54,035 ",4.45 ,1.65 ,0.37 ,0.11 ,0.520 ,8.1 ,20.9 ,31.9 ,26.7 ,30.2 ,28.3 ,14.8 
47700,Tea Tree Gully," 59,868 ", 44 ," 3,663,833,783 "," 55,114 "," 61,199 ",4.12 ,1.69 ,0.41 ,0.16 ,0.403 ,4.9 ,15.6 ,25.9 ,23.2 ,26.6 ,29.5 ,20.7 
47800,The Coorong," 2,913 ", 49 ," 149,348,947 "," 42,940 "," 51,270 ",5.93 ,1.79 ,0.30 ,0.07 ,0.567 ,10.4 ,24.6 ,36.1 ,32.9 ,29.7 ,24.2 ,13.2 
47910,Tumby Bay," 1,557 ", 51 ," 71,571,833 "," 41,600 "," 45,968 ",9.81 ,2.00 ,0.20 ,0.03 ,0.627 ,5.2 ,19.4 ,32.6 ,36.0 ,24.8 ,23.0 ,16.2 
47980,Unley," 24,892 ", 46 ," 2,292,658,913 "," 62,762 "," 92,104 ",5.64 ,2.02 ,0.36 ,0.14 ,0.532 ,11.8 ,27.5 ,38.8 ,23.2 ,21.7 ,21.5 ,33.7 
48050,Victor Harbor," 7,945 ", 54 ," 386,643,353 "," 38,049 "," 48,665 ",7.63 ,2.00 ,0.26 ,0.06 ,0.517 ,7.7 ,21.4 ,33.6 ,37.1 ,29.4 ,19.8 ,13.7 
48130,Wakefield," 3,603 ", 47 ," 176,497,810 "," 45,231 "," 48,986 ",5.42 ,1.72 ,0.32 ,0.10 ,0.507 ,6.0 ,18.1 ,29.7 ,31.2 ,29.5 ,26.0 ,13.4 
48260,Walkerville," 5,136 ", 48 ," 587,119,637 "," 64,437 "," 114,315 ",6.45 ,2.26 ,0.35 ,0.13 ,0.600 ,16.2 ,35.1 ,46.8 ,22.9 ,20.8 ,20.6 ,35.8 
48340,Wattle Range," 6,662 ", 48 ," 384,074,477 "," 49,012 "," 57,652 ",4.89 ,1.79 ,0.37 ,0.13 ,0.470 ,6.8 ,19.3 ,30.3 ,27.4 ,28.7 ,25.8 ,18.1 
48410,West Torrens," 37,924 ", 39 ," 2,406,352,088 "," 54,057 "," 63,452 ",4.18 ,1.75 ,0.42 ,0.18 ,0.425 ,6.6 ,18.0 ,28.5 ,23.6 ,27.2 ,27.9 ,21.3 
48540,Whyalla," 10,523 ", 43 ," 691,787,536 "," 58,315 "," 65,741 ",4.77 ,1.79 ,0.37 ,0.16 ,0.407 ,4.0 ,14.3 ,24.8 ,23.4 ,24.1 ,24.2 ,28.3 
48640,Wudinna, 728 , 46 ," 36,040,287 "," 43,388 "," 49,506 ",9.29 ,1.99 ,0.21 ,0.01 ,0.660 ,6.6 ,22.1 ,35.9 ,35.0 ,25.8 ,22.1 ,17.0 
48750,Yankalilla," 3,028 ", 54 ," 153,399,258 "," 40,853 "," 50,660 ",7.13 ,1.90 ,0.27 ,0.07 ,0.509 ,8.6 ,21.6 ,33.4 ,35.3 ,29.1 ,21.9 ,13.6 
48830,Yorke Peninsula," 5,669 ", 53 ," 284,529,238 "," 42,538 "," 50,190 ",6.72 ,1.93 ,0.29 ,0.06 ,0.545 ,6.1 ,19.9 ,32.4 ,34.2 ,27.8 ,21.8 ,16.2 
49399,Unincorporated SA," 1,252 ", 48 ," 66,934,548 "," 47,650 "," 53,462 ",5.34 ,1.90 ,0.36 ,0.13 ,0.493 ,4.3 ,16.5 ,28.5 ,29.3 ,28.6 ,22.9 ,19.2 
Western Australia,," 1,585,093 ", 42 ," 120,273,967,595 "," 58,591 "," 75,878 ",5.19 ,1.93 ,0.37 ,0.15 ,0.482 ,9.5 ,21.9 ,32.9 ,23.9 ,23.2 ,23.8 ,29.1 
50080,Albany," 22,945 ", 47 ," 1,368,765,874 "," 48,681 "," 59,654 ",5.56 ,1.88 ,0.34 ,0.12 ,0.478 ,7.7 ,20.1 ,31.3 ,28.8 ,27.0 ,24.4 ,19.8 
50210,Armadale," 52,660 ", 39 ," 3,570,360,255 "," 58,924 "," 67,800 ",4.36 ,1.76 ,0.40 ,0.17 ,0.416 ,5.3 ,16.4 ,27.1 ,22.2 ,24.2 ,27.8 ,25.8 
50250,Ashburton," 3,363 ", 38 ," 351,302,782 "," 105,655 "," 104,461 ",4.19 ,1.52 ,0.36 ,0.14 ,0.372 ,4.0 ,12.7 ,22.0 ,15.9 ,12.9 ,15.6 ,55.5 
50280,Augusta-Margaret River," 11,096 ", 45 ," 669,099,064 "," 46,795 "," 60,301 ",4.96 ,1.95 ,0.39 ,0.16 ,0.475 ,6.5 ,19.8 ,31.9 ,28.4 ,29.3 ,22.7 ,19.6 
50350,Bassendean," 9,396 ", 42 ," 681,201,409 "," 62,061 "," 72,499 ",4.67 ,1.76 ,0.38 ,0.16 ,0.434 ,6.5 ,17.8 ,28.5 ,22.5 ,21.8 ,26.5 ,29.2 
50420,Bayswater," 42,568 ", 40 ," 3,019,967,502 "," 59,307 "," 70,945 ",4.71 ,1.83 ,0.39 ,0.16 ,0.437 ,6.2 ,17.8 ,28.7 ,22.8 ,23.4 ,25.7 ,28.0 
50490,Belmont," 26,032 ", 38 ," 1,787,628,375 "," 58,322 "," 68,670 ",4.32 ,1.81 ,0.42 ,0.18 ,0.421 ,5.1 ,16.4 ,27.5 ,21.6 ,25.1 ,27.1 ,26.1 
50560,Beverley, 925 , 54 ," 55,233,557 "," 46,845 "," 59,712 ",6.78 ,2.08 ,0.31 ,0.07 ,0.631 ,13.7 ,27.0 ,38.9 ,32.1 ,25.5 ,21.5 ,20.8 
50630,Boddington, 970 , 47 ," 76,472,614 "," 67,520 "," 78,838 ",6.69 ,1.94 ,0.29 ,0.10 ,0.443 ,4.5 ,15.0 ,25.8 ,24.9 ,17.8 ,18.8 ,38.6 
50770,Boyup Brook," 1,044 ", 50 ," 59,550,265 "," 43,922 "," 57,040 ",5.96 ,2.04 ,0.34 ,0.10 ,0.526 ,7.5 ,21.2 ,33.3 ,32.0 ,27.5 ,21.2 ,19.3 
50840,Bridgetown-Greenbushes," 2,836 ", 51 ," 170,705,250 "," 46,995 "," 60,192 ",7.13 ,2.11 ,0.30 ,0.08 ,0.502 ,6.8 ,19.3 ,31.2 ,31.0 ,25.0 ,20.5 ,23.5 
50910,Brookton, 575 , 50 ," 32,230,391 "," 44,993 "," 56,053 ",7.97 ,2.06 ,0.26 ,0.06 ,0.509 ,5.8 ,18.3 ,30.7 ,32.7 ,25.1 ,22.0 ,20.2 
50980,Broome," 9,334 ", 39 ," 701,425,852 "," 65,213 "," 75,147 ",3.94 ,1.71 ,0.43 ,0.21 ,0.404 ,5.9 ,16.7 ,27.0 ,18.8 ,21.7 ,28.3 ,31.1 
51080,Broomehill-Tambellup, 640 , 46 ," 33,593,088 "," 47,289 "," 52,489 ",7.62 ,1.90 ,0.25 ,0.03 ,0.630 ,6.5 ,21.2 ,34.3 ,31.2 ,25.1 ,24.5 ,19.2 
51120,Bruce Rock, 531 , 49 ," 21,695,348 "," 41,223 "," 40,858 ",14.80 ,2.28 ,0.15 ,0.01 ,1.054 ,7.0 ,26.4 ,44.7 ,39.3 ,19.7 ,21.0 ,20.0 
51190,Bunbury," 18,615 ", 45 ," 1,252,987,390 "," 53,031 "," 67,311 ",5.61 ,1.95 ,0.35 ,0.13 ,0.474 ,8.4 ,20.5 ,31.7 ,26.6 ,25.1 ,23.3 ,25.1 
51260,Busselton," 25,176 ", 46 ," 1,654,158,635 "," 49,838 "," 65,704 ",5.47 ,2.02 ,0.37 ,0.14 ,0.487 ,8.0 ,21.0 ,32.8 ,27.3 ,27.2 ,22.3 ,23.1 
51310,Cambridge," 19,060 ", 47 ," 2,420,956,062 "," 77,427 "," 127,018 ",7.51 ,2.27 ,0.30 ,0.12 ,0.576 ,12.9 ,30.5 ,43.1 ,22.0 ,17.2 ,17.0 ,43.7 
51330,Canning," 59,557 ", 40 ," 3,885,193,048 "," 51,459 "," 65,235 ",5.49 ,1.96 ,0.36 ,0.13 ,0.471 ,6.9 ,19.5 ,31.1 ,27.7 ,25.2 ,23.1 ,23.9 
51400,Capel," 11,110 ", 44 ," 805,506,474 "," 59,223 "," 72,503 ",5.11 ,1.91 ,0.37 ,0.15 ,0.452 ,6.9 ,18.3 ,29.3 ,23.6 ,23.0 ,23.7 ,29.8 
51470,Carnamah, 360 , 50 ," 16,340,857 "," 48,401 "," 45,391 ",6.22 ,1.79 ,0.29 ,0.02 ,0.859 ,np,24.4 ,38.9 ,32.1 ,24.1 ,26.6 ,17.2 
51540,Carnarvon," 2,903 ", 44 ," 182,874,090 "," 53,019 "," 62,995 ",4.33 ,1.84 ,0.43 ,0.19 ,0.426 ,4.5 ,16.1 ,27.5 ,23.0 ,28.9 ,25.4 ,22.7 
51610,Chapman Valley, 945 , 48 ," 64,948,989 "," 58,473 "," 68,729 ",6.43 ,1.97 ,0.31 ,0.10 ,0.544 ,6.2 ,18.9 ,31.4 ,27.7 ,21.1 ,22.4 ,28.8 
51680,Chittering," 3,569 ", 48 ," 251,446,336 "," 57,554 "," 70,453 ",5.38 ,1.99 ,0.37 ,0.13 ,0.477 ,5.3 ,17.4 ,29.1 ,24.5 ,23.5 ,21.8 ,30.2 
51710,Christmas Island, np , np , np , np , np ,np,np,np,np,np,np,np,np,np,np,np,np
51750,Claremont," 7,316 ", 49 ," 887,265,720 "," 65,006 "," 121,277 ",9.06 ,2.57 ,0.28 ,0.10 ,0.615 ,14.7 ,33.7 ,46.7 ,26.7 ,18.4 ,15.8 ,39.1 
51820,Cockburn," 72,898 ", 40 ," 5,374,842,496 "," 62,106 "," 73,731 ",4.46 ,1.81 ,0.41 ,0.18 ,0.428 ,5.9 ,17.3 ,28.2 ,21.1 ,23.1 ,25.8 ,30.0 
51860,Cocos Island, np , np , np , np , np ,np,np,np,np,np,np,np,np,np,np,np,np
51890,Collie," 4,517 ", 46 ," 299,225,629 "," 53,003 "," 66,244 ",7.07 ,2.12 ,0.30 ,0.11 ,0.463 ,4.9 ,16.0 ,27.4 ,28.7 ,22.5 ,19.3 ,29.5 
51960,Coolgardie," 1,674 ", 44 ," 139,406,541 "," 71,585 "," 83,278 ",4.97 ,1.89 ,0.38 ,0.15 ,0.415 ,4.4 ,14.5 ,25.1 ,19.9 ,19.0 ,21.7 ,39.4 
52030,Coorow, 566 , 54 ," 33,513,498 "," 49,794 "," 59,211 ",10.15 ,2.13 ,0.21 ,0.04 ,0.594 ,4.8 ,19.7 ,33.0 ,32.0 ,23.5 ,18.7 ,25.8 
52100,Corrigin, 719 , 49 ," 42,599,475 "," 50,268 "," 59,248 ",6.77 ,1.95 ,0.29 ,0.06 ,0.558 ,5.9 ,20.0 ,32.8 ,30.3 ,23.7 ,23.2 ,22.8 
52170,Cottesloe," 5,741 ", 50 ," 1,616,623,143 "," 82,773 "," 281,593 ",8.07 ,2.37 ,0.29 ,0.11 ,0.781 ,49.7 ,62.4 ,70.3 ,21.4 ,16.8 ,15.4 ,46.4 
52240,Cranbrook, 654 , 47 ," 32,548,291 "," 44,039 "," 49,768 ",7.52 ,1.92 ,0.26 ,0.03 ,0.559 ,4.7 ,18.8 ,31.5 ,35.2 ,24.5 ,23.7 ,16.5 
52310,Cuballing, 512 , 51 ," 26,813,718 "," 47,118 "," 52,371 ",5.48 ,1.91 ,0.35 ,0.06 ,0.701 ,8.6 ,23.0 ,36.7 ,29.9 ,27.5 ,23.8 ,18.9 
52380,Cue, 97 , 56 ," 5,049,073 "," 46,975 "," 52,052 ",np,np,np,np,0.557 ,np,23.2 ,35.2 ,38.0 ,17.0 ,31.0 ,14.0 
52450,Cunderdin, 710 , 44 ," 40,609,231 "," 49,898 "," 57,196 ",6.08 ,1.98 ,0.33 ,0.09 ,0.502 ,4.2 ,16.4 ,28.7 ,28.6 ,26.5 ,22.8 ,22.1 
52520,Dalwallinu, 968 , 43 ," 59,519,404 "," 59,044 "," 61,487 ",5.35 ,1.77 ,0.33 ,0.07 ,0.647 ,5.1 ,20.7 ,34.1 ,25.3 ,22.2 ,25.8 ,26.7 
52590,Dandaragan," 2,237 ", 50 ," 138,927,168 "," 46,373 "," 62,104 ",7.50 ,2.18 ,0.29 ,0.08 ,0.537 ,8.9 ,21.8 ,33.9 ,29.5 ,28.0 ,19.7 ,22.8 
52660,Dardanup," 8,627 ", 43 ," 594,809,795 "," 57,399 "," 68,947 ",5.19 ,1.93 ,0.37 ,0.15 ,0.457 ,5.9 ,17.1 ,28.3 ,24.3 ,23.5 ,23.9 ,28.2 
52730,Denmark," 3,673 ", 52 ," 200,048,979 "," 39,254 "," 54,465 ",7.43 ,2.18 ,0.29 ,0.09 ,0.533 ,8.1 ,22.6 ,35.1 ,36.1 ,27.7 ,18.4 ,17.8 
52800,Derby-West Kimberley," 2,822 ", 39 ," 176,776,246 "," 54,159 "," 62,642 ",6.43 ,1.87 ,0.29 ,0.10 ,0.450 ,5.7 ,16.7 ,27.7 ,29.5 ,21.1 ,24.2 ,25.2 
52870,Donnybrook-Balingup," 3,675 ", 49 ," 224,079,685 "," 47,911 "," 60,974 ",6.92 ,2.11 ,0.31 ,0.09 ,0.491 ,5.5 ,18.0 ,29.9 ,30.2 ,25.2 ,19.9 ,24.6 
52940,Dowerin, 407 , 48 ," 22,161,630 "," 43,886 "," 54,451 ",9.89 ,2.10 ,0.21 ,0.03 ,0.604 ,np,21.0 ,34.5 ,36.1 ,23.8 ,19.9 ,20.1 
53010,Dumbleyung, 434 , 45 ," 22,336,298 "," 45,295 "," 51,466 ",11.58 ,1.92 ,0.17 ,0.01 ,0.631 ,np,23.3 ,36.7 ,35.0 ,27.6 ,20.0 ,17.3 
53080,Dundas, 300 , 50 ," 17,525,150 "," 50,506 "," 58,417 ",6.04 ,1.89 ,0.31 ,0.12 ,0.475 ,np,16.3 ,29.5 ,29.1 ,25.4 ,24.7 ,20.7 
53150,East Fremantle," 4,984 ", 49 ," 523,844,659 "," 71,335 "," 105,105 ",6.68 ,2.12 ,0.32 ,0.13 ,0.536 ,9.4 ,26.1 ,38.4 ,22.8 ,18.4 ,19.0 ,39.8 
53220,East Pilbara," 2,979 ", 37 ," 288,399,748 "," 89,562 "," 96,811 ",4.28 ,1.70 ,0.40 ,0.18 ,0.380 ,3.7 ,13.2 ,23.2 ,15.8 ,14.6 ,20.9 ,48.7 
53290,Esperance," 8,419 ", 45 ," 511,801,456 "," 51,086 "," 60,791 ",5.89 ,1.99 ,0.34 ,0.11 ,0.584 ,8.5 ,21.8 ,34.0 ,28.4 ,24.7 ,23.0 ,24.0 
53360,Exmouth," 1,935 ", 40 ," 143,624,260 "," 57,259 "," 74,224 ",4.19 ,1.96 ,0.47 ,0.21 ,0.448 ,7.9 ,19.7 ,30.7 ,19.8 ,28.1 ,23.4 ,28.6 
53430,Fremantle," 20,419 ", 44 ," 1,727,813,499 "," 62,355 "," 84,618 ",5.73 ,1.98 ,0.35 ,0.14 ,0.504 ,10.1 ,23.7 ,35.0 ,24.0 ,21.3 ,21.2 ,33.6 
53570,Gingin," 3,194 ", 49 ," 199,069,159 "," 48,290 "," 62,326 ",5.83 ,2.10 ,0.36 ,0.11 ,0.503 ,7.4 ,20.1 ,32.2 ,28.8 ,27.7 ,21.3 ,22.3 
53640,Gnowangerup, 774 , 45 ," 42,666,452 "," 51,095 "," 55,125 ",6.58 ,1.89 ,0.29 ,0.06 ,0.649 ,5.3 ,19.9 ,33.4 ,31.4 ,21.1 ,24.0 ,23.5 
53710,Goomalling, 559 , 50 ," 28,924,500 "," 42,870 "," 51,743 ",9.11 ,2.08 ,0.23 ,0.03 ,0.567 ,5.0 ,20.2 ,32.8 ,34.5 ,25.4 ,21.2 ,18.9 
53780,Gosnells," 70,721 ", 40 ," 4,393,787,967 "," 53,312 "," 62,128 ",4.59 ,1.79 ,0.39 ,0.16 ,0.428 ,5.2 ,16.7 ,27.8 ,25.0 ,26.5 ,26.8 ,21.6 
53800,Greater Geraldton," 22,625 ", 45 ," 1,548,202,354 "," 56,706 "," 68,429 ",5.12 ,1.92 ,0.37 ,0.15 ,0.452 ,6.1 ,17.5 ,28.5 ,24.2 ,24.4 ,23.4 ,28.1 
53920,Halls Creek, 830 , 38 ," 46,452,479 "," 48,208 "," 55,967 ",6.85 ,1.89 ,0.28 ,0.10 ,0.472 ,4.1 ,16.2 ,28.2 ,33.1 ,22.3 ,24.1 ,20.6 
53990,Harvey," 17,060 ", 44 ," 1,195,894,486 "," 57,775 "," 70,099 ",5.42 ,1.96 ,0.36 ,0.14 ,0.450 ,5.5 ,16.7 ,27.9 ,24.2 ,23.2 ,23.0 ,29.6 
54060,Irwin," 2,023 ", 51 ," 128,396,786 "," 47,867 "," 63,469 ",7.35 ,2.20 ,0.30 ,0.11 ,0.504 ,5.9 ,18.7 ,31.1 ,30.6 ,24.2 ,19.8 ,25.4 
54130,Jerramungup, 770 , 45 ," 31,145,818 "," 37,102 "," 40,449 ",15.40 ,2.11 ,0.14 ,0.00 ,0.833 ,7.6 ,25.8 ,41.1 ,39.4 ,24.6 ,22.4 ,13.5 
54170,Joondalup," 103,006 ", 46 ," 7,986,954,753 "," 60,835 "," 77,539 ",5.36 ,1.94 ,0.36 ,0.14 ,0.471 ,7.5 ,20.2 ,31.5 ,23.7 ,22.1 ,22.9 ,31.3 
54200,Kalamunda," 35,712 ", 44 ," 2,601,213,291 "," 59,285 "," 72,839 ",5.06 ,1.88 ,0.37 ,0.14 ,0.455 ,7.2 ,19.0 ,30.1 ,23.5 ,22.9 ,24.8 ,28.8 
54280,Kalgoorlie/Boulder," 18,249 ", 39 ," 1,579,382,102 "," 76,038 "," 86,546 ",4.11 ,1.77 ,0.43 ,0.21 ,0.397 ,5.0 ,14.9 ,25.1 ,16.3 ,19.4 ,23.4 ,40.8 
54310,Karratha," 12,650 ", 38 ," 1,285,013,376 "," 87,611 "," 101,582 ",4.15 ,1.77 ,0.43 ,0.20 ,0.407 ,4.8 ,16.0 ,26.5 ,14.8 ,16.1 ,21.0 ,48.1 
54340,Katanning," 2,349 ", 43 ," 131,869,081 "," 50,144 "," 56,138 ",4.61 ,1.75 ,0.38 ,0.16 ,0.427 ,4.2 ,15.7 ,27.0 ,26.8 ,29.9 ,25.4 ,17.9 
54410,Kellerberrin, 621 , 50 ," 29,541,548 "," 44,990 "," 47,571 ",8.54 ,1.83 ,0.21 ,0.05 ,0.608 ,6.4 ,19.8 ,32.5 ,36.0 ,23.3 ,25.8 ,14.9 
54480,Kent, 296 , 42 ," 12,971,072 "," 39,206 "," 43,821 ",10.25 ,2.00 ,0.19 ,0.00 ,0.699 ,np,21.1 ,34.3 ,34.3 ,26.3 ,25.3 ,14.1 
54550,Kojonup," 1,374 ", 48 ," 84,157,813 "," 50,028 "," 61,250 ",5.35 ,1.89 ,0.35 ,0.10 ,0.504 ,5.0 ,19.1 ,31.8 ,28.0 ,27.3 ,23.4 ,21.3 
54620,Kondinin, 553 , 49 ," 27,175,983 "," 39,029 "," 49,143 ",7.61 ,2.27 ,0.30 ,0.02 ,0.647 ,6.6 ,22.4 ,36.3 ,38.9 ,22.9 ,19.6 ,18.5 
54690,Koorda, 235 , 52 ," 11,371,615 "," 37,482 "," 48,390 ",21.94 ,2.59 ,0.12 ,0.00 ,0.675 ,np,19.0 ,34.2 ,41.2 ,18.9 ,17.2 ,22.7 
54760,Kulin, 514 , 48 ," 28,711,120 "," 47,843 "," 55,858 ",9.15 ,1.95 ,0.21 ,0.03 ,0.723 ,12.6 ,26.8 ,39.7 ,31.3 ,22.7 ,25.0 ,20.9 
54830,Kwinana," 25,145 ", 38 ," 1,672,986,311 "," 59,370 "," 66,534 ",4.19 ,1.72 ,0.41 ,0.18 ,0.403 ,4.3 ,15.1 ,25.7 ,21.8 ,24.2 ,28.6 ,25.5 
54900,Lake Grace, 937 , 46 ," 49,036,930 "," 45,457 "," 52,334 ",10.09 ,2.13 ,0.21 ,0.00 ,0.737 ,6.9 ,22.7 ,37.3 ,32.9 ,22.8 ,21.3 ,23.1 
54970,Laverton, 211 , 46 ," 14,100,345 "," 62,142 "," 66,826 ",6.15 ,1.83 ,0.30 ,0.08 ,0.416 ,np,12.9 ,24.5 ,25.2 ,20.5 ,23.8 ,30.5 
55040,Leonora, 569 , 40 ," 46,432,805 "," 71,577 "," 81,604 ",4.68 ,1.84 ,0.39 ,0.17 ,0.425 ,4.7 ,15.0 ,25.6 ,18.8 ,20.4 ,24.0 ,36.8 
55110,Mandurah," 48,796 ", 46 ," 3,416,633,750 "," 52,542 "," 70,019 ",6.91 ,2.16 ,0.31 ,0.10 ,0.495 ,7.8 ,20.1 ,31.8 ,28.6 ,23.1 ,20.1 ,28.2 
55180,Manjimup," 5,603 ", 48 ," 307,333,364 "," 44,664 "," 54,852 ",5.35 ,1.90 ,0.36 ,0.12 ,0.487 ,7.3 ,20.1 ,31.5 ,30.9 ,29.1 ,23.5 ,16.6 
55250,Meekatharra, 400 , 46 ," 25,951,511 "," 57,976 "," 64,879 ",4.85 ,1.63 ,0.34 ,0.10 ,0.430 ,np,16.8 ,27.5 ,24.9 ,21.4 ,30.9 ,22.9 
55320,Melville," 66,110 ", 46 ," 5,808,507,013 "," 60,009 "," 87,861 ",6.88 ,2.12 ,0.31 ,0.11 ,0.537 ,12.3 ,26.5 ,37.9 ,26.5 ,20.4 ,19.7 ,33.4 
55390,Menzies, 62 , 51 ," 3,292,138 "," 46,702 "," 53,099 ",np,np,np,np,np,np,np,np,36.1 ,19.7 ,26.2 ,18.0 
55460,Merredin," 1,791 ", 44 ," 104,113,398 "," 52,753 "," 58,131 ",5.76 ,1.90 ,0.33 ,0.10 ,0.541 ,4.7 ,16.7 ,28.9 ,28.1 ,23.3 ,24.2 ,24.4 
55530,Mingenew, 297 , 45 ," 16,730,794 "," 54,905 "," 56,333 ",8.46 ,2.04 ,0.24 ,0.01 ,0.812 ,np,21.0 ,37.4 ,30.6 ,19.2 ,21.9 ,28.3 
55600,Moora," 1,385 ", 48 ," 78,021,379 "," 52,505 "," 56,333 ",5.20 ,1.83 ,0.35 ,0.08 ,0.571 ,5.2 ,17.7 ,29.6 ,26.2 ,25.2 ,26.3 ,22.3 
55670,Morawa, 354 , 46 ," 19,190,098 "," 48,613 "," 54,209 ",6.14 ,1.98 ,0.32 ,0.01 ,0.672 ,np,22.2 ,36.3 ,28.8 ,25.6 ,25.1 ,20.5 
55740,Mosman Park," 5,795 ", 46 ," 876,200,592 "," 67,283 "," 151,199 ",8.37 ,2.54 ,0.30 ,0.11 ,0.682 ,27.5 ,45.7 ,56.7 ,24.6 ,18.8 ,17.8 ,38.8 
55810,Mount Magnet, 215 , 47 ," 12,656,226 "," 45,350 "," 58,866 ",7.27 ,2.01 ,0.28 ,0.07 ,0.503 ,np,18.9 ,31.0 ,32.3 ,24.0 ,23.5 ,20.3 
55880,Mount Marshall, 296 , 49 ," 15,801,111 "," 44,406 "," 53,382 ",13.33 ,2.01 ,0.15 ,0.04 ,0.635 ,np,23.4 ,36.2 ,36.4 ,19.7 ,24.5 ,19.4 
55950,Mukinbudin, 355 , 48 ," 16,438,812 "," 43,428 "," 46,307 ",17.33 ,2.20 ,0.13 ,0.00 ,0.797 ,np,20.5 ,35.6 ,36.4 ,21.6 ,19.0 ,23.0 
56090,Mundaring," 23,153 ", 47 ," 1,711,314,540 "," 58,716 "," 73,913 ",5.56 ,1.94 ,0.35 ,0.13 ,0.468 ,6.8 ,19.2 ,30.6 ,24.8 ,22.4 ,22.7 ,30.1 
56160,Murchison, 24 , 55 ," 1,506,454 "," 56,602 "," 62,769 ",np,np,np,np,np,np,np,np,np,np,np,np
56230,Murray," 9,760 ", 46 ," 680,848,185 "," 53,490 "," 69,759 ",7.05 ,2.22 ,0.31 ,0.11 ,0.478 ,5.2 ,17.2 ,29.0 ,28.1 ,22.6 ,18.8 ,30.5 
56300,Nannup, 824 , 54 ," 43,657,161 "," 41,358 "," 52,982 ",7.33 ,2.04 ,0.28 ,0.08 ,0.523 ,5.9 ,21.1 ,33.4 ,35.2 ,26.9 ,20.6 ,17.3 
56370,Narembeen, 517 , 49 ," 25,173,316 "," 43,212 "," 48,691 ",9.16 ,2.18 ,0.24 ,0.04 ,0.689 ,6.0 ,21.1 ,34.8 ,34.9 ,25.2 ,19.3 ,20.6 
56460,Narrogin," 2,717 ", 45 ," 163,376,111 "," 51,203 "," 60,131 ",5.07 ,1.83 ,0.36 ,0.13 ,0.459 ,5.5 ,17.6 ,28.8 ,26.1 ,27.5 ,25.6 ,20.9 
56580,Nedlands," 14,627 ", 49 ," 2,276,273,774 "," 74,421 "," 155,621 ",9.85 ,2.52 ,0.26 ,0.09 ,0.653 ,19.7 ,38.6 ,51.6 ,25.3 ,16.1 ,14.9 ,43.7 
56620,Ngaanyatjarraku, 50 , 45 ," 3,726,552 "," 66,803 "," 74,531 ",np,np,np,np,np,np,np,np,23.4 ,19.1 ,27.7 ,29.8 
56730,Northam," 5,719 ", 46 ," 365,458,043 "," 55,008 "," 63,902 ",5.39 ,1.84 ,0.34 ,0.13 ,0.454 ,5.8 ,17.2 ,28.4 ,26.7 ,23.1 ,25.6 ,24.6 
56790,Northampton," 1,755 ", 52 ," 101,019,358 "," 44,314 "," 57,561 ",7.51 ,2.15 ,0.29 ,0.07 ,0.551 ,7.1 ,20.8 ,33.8 ,33.5 ,26.3 ,18.8 ,21.4 
56860,Nungarin, 110 , 47 ," 5,938,273 "," 32,988 "," 53,984 ",np,np,np,np,0.599 ,np,17.2 ,32.3 ,38.9 ,21.2 ,18.6 ,21.2 
56930,Peppermint Grove," 1,091 ", 51 ," 387,126,489 "," 96,684 "," 354,836 ",8.61 ,2.51 ,0.29 ,0.11 ,0.779 ,39.8 ,59.3 ,70.1 ,19.3 ,15.4 ,14.2 ,51.2 
57000,Perenjori, 238 , 48 ," 8,346,948 "," 39,641 "," 35,071 ",9.52 ,2.18 ,0.23 ,0.00 ,1.143 ,np,25.6 ,42.6 ,36.7 ,22.5 ,25.8 ,15.0 
57080,Perth," 20,273 ", 35 ," 1,760,338,500 "," 58,786 "," 86,832 ",6.53 ,2.09 ,0.32 ,0.12 ,0.540 ,12.6 ,27.2 ,38.7 ,26.4 ,21.0 ,20.4 ,32.2 
57140,Pingelly, 610 , 52 ," 33,935,551 "," 45,017 "," 55,632 ",6.90 ,2.02 ,0.29 ,0.05 ,0.541 ,6.9 ,20.5 ,32.8 ,31.5 ,28.3 ,20.4 ,19.8 
57210,Plantagenet," 3,121 ", 50 ," 160,935,841 "," 44,168 "," 51,565 ",6.34 ,1.88 ,0.30 ,0.09 ,0.527 ,6.9 ,19.9 ,31.7 ,32.6 ,27.8 ,23.2 ,16.4 
57280,Port Hedland," 9,108 ", 37 ," 925,929,141 "," 93,230 "," 101,661 ",4.12 ,1.71 ,0.41 ,0.20 ,0.381 ,4.1 ,13.6 ,23.5 ,14.4 ,14.0 ,20.6 ,50.9 
57350,Quairading, 531 , 52 ," 26,050,423 "," 43,505 "," 49,059 ",10.94 ,2.18 ,0.20 ,0.02 ,0.791 ,6.4 ,23.6 ,39.9 ,38.2 ,21.2 ,20.1 ,20.5 
57420,Ravensthorpe," 1,101 ", 45 ," 66,622,179 "," 52,358 "," 60,511 ",7.32 ,2.03 ,0.28 ,0.06 ,0.555 ,5.8 ,18.0 ,30.0 ,31.3 ,20.2 ,20.9 ,27.5 
57490,Rockingham," 77,010 ", 41 ," 5,509,165,219 "," 60,057 "," 71,538 ",4.91 ,1.88 ,0.38 ,0.16 ,0.432 ,5.2 ,16.4 ,27.4 ,22.7 ,23.3 ,24.2 ,29.8 
57630,Sandstone, 46 , 58 ," 3,596,748 "," 80,860 "," 78,190 ",np,np,np,np,np,np,np,np,16.7 ,22.9 ,25.0 ,35.4 
57700,Serpentine-Jarrahdale," 19,073 ", 40 ," 1,416,174,182 "," 62,649 "," 74,250 ",4.46 ,1.80 ,0.40 ,0.18 ,0.430 ,6.7 ,17.6 ,28.3 ,21.0 ,22.7 ,26.0 ,30.3 
57770,Shark Bay, 525 , 42 ," 32,501,033 "," 51,797 "," 61,907 ",5.05 ,1.94 ,0.38 ,0.14 ,0.446 ,4.9 ,17.5 ,28.7 ,26.4 ,26.6 ,24.3 ,22.6 
57840,South Perth," 28,143 ", 43 ," 2,577,729,503 "," 63,724 "," 91,594 ",6.36 ,2.08 ,0.33 ,0.12 ,0.531 ,10.7 ,25.8 ,37.5 ,24.5 ,20.2 ,20.5 ,34.8 
57910,Stirling," 141,050 ", 40 ," 11,133,509,207 "," 60,348 "," 78,933 ",5.06 ,1.91 ,0.38 ,0.16 ,0.480 ,9.0 ,22.2 ,33.3 ,22.9 ,22.9 ,24.1 ,30.1 
57980,Subiaco," 11,272 ", 45 ," 1,210,394,539 "," 72,115 "," 107,381 ",7.16 ,2.12 ,0.30 ,0.11 ,0.546 ,10.3 ,27.0 ,39.3 ,23.7 ,17.4 ,18.3 ,40.6 
58050,Swan," 89,409 ", 40 ," 6,095,342,286 "," 58,449 "," 68,174 ",4.22 ,1.77 ,0.42 ,0.18 ,0.418 ,5.6 ,16.7 ,27.5 ,21.6 ,25.0 ,27.9 ,25.5 
58190,Tammin, 214 , 45 ," 9,597,369 "," 40,005 "," 44,848 ",11.10 ,2.14 ,0.19 ,0.01 ,0.589 ,np,16.6 ,30.2 ,39.4 ,26.9 ,14.8 ,19.0 
58260,Three Springs, 288 , 46 ," 16,555,531 "," 49,518 "," 57,484 ",5.38 ,2.09 ,0.39 ,0.06 ,0.529 ,np,16.7 ,28.6 ,27.2 ,28.2 ,22.0 ,22.6 
58330,Toodyay," 2,633 ", 53 ," 170,559,110 "," 53,560 "," 64,777 ",6.46 ,2.00 ,0.31 ,0.09 ,0.487 ,5.5 ,17.5 ,29.3 ,29.0 ,21.9 ,22.4 ,26.7 
58400,Trayning, 181 , 52 ," 11,458,995 "," 51,259 "," 63,309 ",np,np,np,np,0.521 ,np,22.3 ,34.8 ,31.7 ,24.0 ,23.0 ,21.3 
58470,Upper Gascoyne, 24 , 57 ," 1,917,719 "," 71,757 "," 79,905 ",np,np,np,np,np,np,np,np,np,np,np,np
58510,Victoria Park," 23,261 ", 38 ," 1,771,435,378 "," 60,917 "," 76,155 ",5.00 ,1.90 ,0.38 ,0.16 ,0.478 ,7.9 ,20.4 ,31.6 ,22.8 ,22.5 ,24.2 ,30.5 
58540,Victoria Plains, 558 , 50 ," 29,569,802 "," 45,906 "," 52,992 ",7.05 ,1.98 ,0.28 ,0.03 ,0.556 ,5.1 ,19.3 ,31.4 ,34.6 ,22.8 ,22.8 ,19.8 
58570,Vincent," 24,337 ", 38 ," 2,201,435,053 "," 69,763 "," 90,456 ",4.92 ,1.93 ,0.39 ,0.19 ,0.466 ,7.4 ,20.6 ,31.9 ,19.6 ,20.2 ,22.7 ,37.5 
58610,Wagin," 1,091 ", 49 ," 59,722,940 "," 47,528 "," 54,741 ",6.79 ,1.98 ,0.29 ,0.10 ,0.474 ,4.2 ,15.8 ,27.6 ,31.2 ,24.9 ,23.5 ,20.3 
58680,Wandering, 296 , 48 ," 20,656,491 "," 55,745 "," 69,785 ",5.87 ,2.09 ,0.36 ,0.14 ,0.460 ,np,15.7 ,28.0 ,27.6 ,21.2 ,21.8 ,29.4 
58760,Wanneroo," 122,036 ", 40 ," 8,315,431,546 "," 57,543 "," 68,139 ",4.37 ,1.81 ,0.41 ,0.19 ,0.422 ,5.5 ,16.8 ,27.7 ,22.2 ,25.5 ,26.5 ,25.8 
58820,Waroona," 2,332 ", 48 ," 161,864,100 "," 53,554 "," 69,410 ",7.38 ,2.23 ,0.30 ,0.09 ,0.479 ,5.0 ,16.7 ,28.6 ,28.2 ,22.6 ,18.1 ,31.1 
58890,West Arthur, 547 , 50 ," 34,842,109 "," 51,822 "," 63,697 ",5.86 ,1.96 ,0.33 ,0.11 ,0.487 ,6.9 ,20.5 ,31.8 ,28.0 ,24.7 ,24.7 ,22.5 
59030,Westonia, 139 , 45 ," 6,892,890 "," 45,305 "," 49,589 ",np,np,np,np,0.716 ,np,21.2 ,34.3 ,30.2 ,25.2 ,23.0 ,21.6 
59100,Wickepin, 442 , 50 ," 23,809,264 "," 44,472 "," 53,867 ",10.11 ,2.12 ,0.21 ,0.05 ,0.626 ,np,23.0 ,35.9 ,35.2 ,23.9 ,19.8 ,21.1 
59170,Williams, 648 , 46 ," 45,473,886 "," 57,807 "," 70,176 ",5.10 ,1.85 ,0.36 ,0.17 ,0.455 ,6.6 ,18.9 ,30.5 ,23.8 ,24.0 ,26.3 ,26.0 
59250,Wiluna, 125 , 44 ," 6,298,539 "," 43,967 "," 50,388 ",np,np,np,np,0.504 ,np,18.7 ,29.0 ,32.8 ,28.9 ,22.7 ,15.6 
59310,Wongan-Ballidu, 844 , 47 ," 49,800,886 "," 50,594 "," 59,006 ",7.76 ,1.92 ,0.25 ,0.06 ,0.605 ,8.0 ,23.0 ,35.1 ,32.4 ,21.9 ,23.3 ,22.4 
59320,Woodanilling, 237 , 49 ," 14,768,756 "," 54,095 "," 62,315 ",5.87 ,1.95 ,0.33 ,0.09 ,0.472 ,np,15.2 ,27.8 ,32.1 ,19.4 ,23.6 ,24.9 
59330,Wyalkatchem, 280 , 51 ," 15,705,406 "," 48,455 "," 56,091 ",13.86 ,2.15 ,0.16 ,0.01 ,0.677 ,np,24.8 ,38.0 ,33.3 ,23.0 ,20.9 ,22.7 
59340,Wyndham-East Kimberley," 4,059 ", 40 ," 292,647,830 "," 63,606 "," 72,099 ",3.90 ,1.67 ,0.43 ,0.19 ,0.411 ,5.9 ,17.1 ,27.2 ,19.6 ,22.6 ,29.5 ,28.3 
59350,Yalgoo, 96 , 47 ," 4,112,255 "," 35,322 "," 42,836 ",np,np,np,np,np,np,np,np,36.5 ,30.2 ,19.8 ,13.5 
59360,Yilgarn, 569 , 50 ," 36,772,337 "," 54,442 "," 64,626 ",6.71 ,2.10 ,0.31 ,0.08 ,0.600 ,7.1 ,20.7 ,33.3 ,29.8 ,20.8 ,21.5 ,27.9 
59370,York," 2,038 ", 52 ," 122,078,643 "," 48,267 "," 59,901 ",7.15 ,2.07 ,0.29 ,0.10 ,0.552 ,7.8 ,20.9 ,33.1 ,32.3 ,22.7 ,21.9 ,23.1 
Tasmania,," 312,904 ", 44 ," 18,621,588,011 "," 50,130 "," 59,512 ",4.69 ,1.77 ,0.38 ,0.14 ,0.451 ,7.5 ,19.5 ,30.1 ,26.6 ,28.1 ,26.6 ,18.6 
60210,Break O'Day," 3,194 ", 51 ," 139,957,011 "," 33,773 "," 43,819 ",7.20 ,2.04 ,0.28 ,0.08 ,0.517 ,6.7 ,20.5 ,33.0 ,40.6 ,29.8 ,18.0 ,11.6 
60410,Brighton," 9,479 ", 40 ," 526,592,940 "," 52,058 "," 55,554 ",3.58 ,1.59 ,0.44 ,0.19 ,0.377 ,4.3 ,14.4 ,24.3 ,22.8 ,30.6 ,31.8 ,14.7 
60610,Burnie," 10,569 ", 43 ," 641,482,757 "," 51,877 "," 60,695 ",4.62 ,1.75 ,0.38 ,0.14 ,0.442 ,7.3 ,18.8 ,29.3 ,25.5 ,27.6 ,27.3 ,19.7 
60810,Central Coast," 12,514 ", 47 ," 718,777,622 "," 49,434 "," 57,438 ",5.08 ,1.80 ,0.35 ,0.12 ,0.442 ,6.0 ,17.5 ,28.2 ,27.6 ,27.5 ,26.1 ,18.8 
61010,Central Highlands," 1,288 ", 48 ," 67,203,296 "," 43,098 "," 52,176 ",5.67 ,1.81 ,0.32 ,0.09 ,0.516 ,7.1 ,22.3 ,34.0 ,32.7 ,29.8 ,24.0 ,13.6 
61210,Circular Head," 4,584 ", 44 ," 253,345,563 "," 48,649 "," 55,267 ",4.24 ,1.75 ,0.41 ,0.15 ,0.450 ,6.1 ,17.5 ,28.4 ,25.9 ,30.7 ,27.2 ,16.2 
61410,Clarence," 35,955 ", 44 ," 2,283,573,419 "," 54,105 "," 63,512 ",4.41 ,1.75 ,0.40 ,0.15 ,0.433 ,6.8 ,18.4 ,28.9 ,24.1 ,26.6 ,27.6 ,21.6 
61510,Derwent Valley," 5,593 ", 43 ," 296,153,574 "," 49,583 "," 52,951 ",4.08 ,1.62 ,0.40 ,0.15 ,0.400 ,4.5 ,14.8 ,25.0 ,25.6 ,30.5 ,30.5 ,13.4 
61610,Devonport," 14,037 ", 43 ," 766,087,104 "," 48,124 "," 54,576 ",4.64 ,1.73 ,0.37 ,0.13 ,0.425 ,5.5 ,16.7 ,27.4 ,27.4 ,29.9 ,26.9 ,15.8 
61810,Dorset," 3,706 ", 47 ," 178,522,497 "," 43,061 "," 48,171 ",5.18 ,1.78 ,0.34 ,0.11 ,0.462 ,5.6 ,17.1 ,28.0 ,32.1 ,31.5 ,23.8 ,12.6 
62010,Flinders, 537 , 55 ," 31,852,152 "," 47,060 "," 59,315 ",5.30 ,1.89 ,0.36 ,0.11 ,0.494 ,5.1 ,19.3 ,31.9 ,30.1 ,26.4 ,24.7 ,18.8 
62210,George Town," 3,266 ", 48 ," 175,665,238 "," 45,614 "," 53,786 ",5.83 ,1.83 ,0.31 ,0.10 ,0.457 ,6.0 ,17.7 ,28.7 ,30.9 ,28.0 ,24.2 ,16.9 
62410,Glamorgan/Spring Bay," 2,775 ", 51 ," 136,868,014 "," 41,432 "," 49,322 ",6.07 ,1.77 ,0.29 ,0.08 ,0.487 ,8.2 ,20.9 ,32.0 ,33.1 ,32.5 ,22.2 ,12.2 
62610,Glenorchy," 28,289 ", 38 ," 1,506,706,884 "," 49,255 "," 53,261 ",3.90 ,1.63 ,0.42 ,0.18 ,0.388 ,4.5 ,14.7 ,24.8 ,25.3 ,31.2 ,30.1 ,13.5 
62810,Hobart," 36,479 ", 41 ," 2,621,198,480 "," 52,088 "," 71,855 ",5.87 ,2.01 ,0.34 ,0.13 ,0.512 ,10.0 ,24.6 ,36.0 ,27.6 ,24.5 ,22.2 ,25.7 
63010,Huon Valley," 9,827 ", 47 ," 512,821,534 "," 45,250 "," 52,185 ",5.54 ,1.75 ,0.32 ,0.09 ,0.468 ,7.1 ,19.1 ,30.0 ,31.8 ,28.1 ,26.0 ,14.1 
63210,Kentish," 3,596 ", 48 ," 180,859,804 "," 44,847 "," 50,295 ",5.15 ,1.77 ,0.34 ,0.11 ,0.452 ,5.0 ,16.6 ,27.8 ,29.9 ,31.1 ,25.1 ,13.9 
63410,King Island," 1,001 ", 49 ," 59,520,852 "," 49,990 "," 59,461 ",4.09 ,1.70 ,0.42 ,0.12 ,0.487 ,6.7 ,20.4 ,32.1 ,23.5 ,31.2 ,27.7 ,17.6 
63610,Kingborough," 23,882 ", 45 ," 1,522,581,408 "," 52,677 "," 63,754 ",4.97 ,1.80 ,0.36 ,0.14 ,0.457 ,8.2 ,20.2 ,30.7 ,26.5 ,25.4 ,26.1 ,21.9 
63810,Latrobe," 6,785 ", 47 ," 402,211,987 "," 49,692 "," 59,280 ",4.72 ,1.77 ,0.38 ,0.13 ,0.452 ,8.0 ,19.7 ,30.2 ,26.5 ,28.9 ,26.3 ,18.3 
64010,Launceston," 38,557 ", 42 ," 2,324,458,771 "," 50,120 "," 60,286 ",4.38 ,1.75 ,0.40 ,0.16 ,0.445 ,8.1 ,20.2 ,30.5 ,25.8 ,29.3 ,26.8 ,18.1 
64210,Meander Valley," 11,691 ", 46 ," 657,247,512 "," 49,858 "," 56,218 ",4.60 ,1.73 ,0.38 ,0.12 ,0.447 ,5.9 ,17.6 ,28.3 ,26.9 ,28.6 ,27.5 ,17.0 
64610,Northern Midlands," 7,579 ", 46 ," 439,699,846 "," 49,989 "," 58,016 ",4.24 ,1.66 ,0.39 ,0.14 ,0.453 ,8.6 ,20.3 ,30.6 ,25.8 ,30.0 ,28.5 ,15.7 
64810,Sorell," 9,305 ", 43 ," 509,303,447 "," 50,891 "," 54,734 ",3.98 ,1.63 ,0.41 ,0.17 ,0.411 ,4.7 ,15.4 ,25.7 ,24.8 ,29.7 ,30.5 ,15.1 
65010,Southern Midlands," 3,576 ", 45 ," 190,184,706 "," 49,332 "," 53,184 ",4.45 ,1.64 ,0.37 ,0.12 ,0.444 ,5.4 ,17.2 ,27.8 ,27.0 ,30.2 ,29.0 ,13.8 
65210,Tasman," 1,289 ", 54 ," 57,652,946 "," 34,200 "," 44,727 ",6.70 ,2.06 ,0.31 ,0.08 ,0.499 ,6.0 ,19.9 ,31.7 ,39.2 ,29.9 ,19.6 ,11.3 
65410,Waratah/Wynyard," 7,259 ", 47 ," 427,641,154 "," 50,983 "," 58,912 ",5.12 ,1.80 ,0.35 ,0.12 ,0.454 ,6.5 ,18.2 ,29.0 ,27.1 ,26.9 ,25.8 ,20.1 
65610,West Coast," 1,934 ", 45 ," 120,230,205 "," 51,996 "," 62,167 ",5.54 ,1.95 ,0.35 ,0.13 ,0.450 ,4.7 ,16.0 ,27.3 ,26.7 ,25.9 ,22.5 ,24.8 
65810,West Tamar," 14,345 ", 47 ," 871,482,164 "," 50,968 "," 60,752 ",4.94 ,1.82 ,0.37 ,0.13 ,0.454 ,7.0 ,19.1 ,29.9 ,26.8 ,27.1 ,25.5 ,20.6 
Northern Territory,," 126,071 ", 39 ," 9,391,280,690 "," 65,906 "," 74,492 ",3.91 ,1.67 ,0.43 ,0.20 ,0.406 ,6.0 ,16.9 ,27.1 ,19.0 ,21.6 ,29.4 ,29.9 
70200,Alice Springs," 17,100 ", 39 ," 1,262,444,203 "," 67,363 "," 73,827 ",3.76 ,1.63 ,0.43 ,0.20 ,0.392 ,5.0 ,15.6 ,25.6 ,18.5 ,20.6 ,30.5 ,30.4 
70420,Barkly," 2,002 ", 39 ," 125,238,043 "," 58,966 "," 62,556 ",5.10 ,1.67 ,0.33 ,0.15 ,0.411 ,3.6 ,13.8 ,24.5 ,25.6 ,21.2 ,28.5 ,24.7 
70540,Belyuen, 22 , 43 ," 279,098 "," 5,308 "," 12,686 ",np,np,np,np,np,np,np,np,np,np,np,np
70620,Central Desert, 407 , 40 ," 20,027,818 "," 38,678 "," 49,208 ",7.88 ,2.22 ,0.28 ,0.11 ,0.467 ,np,15.4 ,27.4 ,39.5 ,23.5 ,20.3 ,16.7 
70700,Coomalie, 628 , 50 ," 36,430,764 "," 46,944 "," 58,011 ",6.21 ,1.97 ,0.32 ,0.11 ,0.533 ,8.5 ,21.7 ,33.1 ,28.5 ,28.6 ,22.1 ,20.8 
71000,Darwin," 53,891 ", 39 ," 4,176,527,158 "," 65,972 "," 77,500 ",3.84 ,1.70 ,0.44 ,0.22 ,0.416 ,7.2 ,18.6 ,28.7 ,18.2 ,22.3 ,28.6 ,30.8 
71150,Darwin Waterfront Precinct, 244 , 35 ," 26,063,349 "," 91,402 "," 106,817 ",2.80 ,1.57 ,0.56 ,0.24 ,0.372 ,np,17.6 ,27.2 ,11.0 ,10.6 ,28.2 ,50.2 
71300,East Arnhem, 672 , 38 ," 30,127,917 "," 30,384 "," 44,833 ",7.92 ,2.57 ,0.32 ,0.16 ,0.499 ,4.5 ,17.8 ,31.2 ,45.9 ,23.9 ,15.3 ,14.9 
72200,Katherine," 6,089 ", 37 ," 422,560,040 "," 63,653 "," 69,397 ",3.77 ,1.59 ,0.42 ,0.18 ,0.400 ,6.4 ,16.6 ,26.2 ,20.0 ,22.2 ,31.3 ,26.5 
72300,Litchfield," 13,134 ", 43 ," 998,101,306 "," 68,223 "," 75,994 ",3.87 ,1.67 ,0.43 ,0.21 ,0.399 ,5.0 ,15.9 ,26.2 ,18.3 ,20.5 ,29.9 ,31.2 
72330,MacDonnell, 543 , 39 ," 25,997,470 "," 34,282 "," 47,877 ",7.19 ,2.18 ,0.30 ,0.13 ,0.483 ,4.2 ,17.7 ,30.0 ,42.9 ,21.1 ,21.8 ,14.1 
72800,Palmerston," 23,069 ", 37 ," 1,728,275,370 "," 69,983 "," 74,918 ",3.29 ,1.56 ,0.47 ,0.24 ,0.360 ,4.3 ,14.2 ,23.9 ,16.1 ,20.0 ,33.4 ,30.6 
73600,Roper Gulf, 943 , 40 ," 47,344,642 "," 38,213 "," 50,206 ",8.13 ,2.25 ,0.28 ,0.11 ,0.486 ,4.6 ,17.6 ,30.0 ,37.3 ,26.7 ,18.6 ,17.4 
74050,Tiwi Islands, 422 , 39 ," 19,664,909 "," 38,375 "," 46,599 ",5.36 ,1.92 ,0.36 ,0.14 ,0.458 ,np,18.6 ,30.3 ,37.2 ,32.2 ,17.7 ,12.9 
74550,Victoria Daly, 638 , 38 ," 29,825,419 "," 40,433 "," 46,748 ",7.69 ,1.95 ,0.25 ,0.10 ,0.493 ,4.3 ,16.2 ,28.4 ,35.5 ,28.6 ,22.3 ,13.5 
74560,Wagait, 248 , 52 ," 18,199,745 "," 65,652 "," 73,386 ",5.09 ,1.76 ,0.35 ,0.06 ,0.429 ,np,15.8 ,27.1 ,22.8 ,16.0 ,31.2 ,30.0 
74660,West Arnhem," 1,015 ", 38 ," 59,461,839 "," 46,865 "," 58,583 ",8.65 ,2.11 ,0.24 ,0.11 ,0.482 ,4.8 ,17.1 ,29.0 ,35.8 ,19.5 ,20.5 ,24.2 
74680,West Daly, 438 , 38 ," 22,239,696 "," 38,085 "," 50,776 ",5.57 ,2.27 ,0.41 ,0.23 ,0.446 ,np,16.7 ,28.1 ,34.0 ,30.8 ,17.9 ,17.2 
79399,Unincorporated NT," 4,303 ", 40 ," 331,538,662 "," 65,403 "," 77,048 ",4.50 ,1.89 ,0.42 ,0.20 ,0.423 ,4.4 ,15.3 ,26.5 ,19.6 ,22.7 ,24.0 ,33.7 
Australian Capital Territory,," 290,512 ", 40 ," 24,113,287,925 "," 71,093 "," 83,003 ",3.85 ,1.66 ,0.43 ,0.21 ,0.419 ,6.9 ,18.6 ,28.9 ,17.4 ,20.4 ,27.1 ,35.1 
89399,Unincorporated ACT," 290,512 ", 40 ," 24,113,287,925 "," 71,093 "," 83,003 ",3.85 ,1.66 ,0.43 ,0.21 ,0.419 ,6.9 ,18.6 ,28.9 ,17.4 ,20.4 ,27.1 ,35.1 
,,,,,,,,,,,,,,,,,,
