,Unnamed: 0,region,year,all_sales,ev_sales,fossil_sales,ev_share,fossil_share,alpha
0,0,China,2010,13757794,1440,13756354.0,0.009999999776483,99.99000000022352,CHN
1,1,China,2011,14472416,5120,14467296.0,0.034000001847744,99.96599999815226,CHN
2,2,China,2012,15495240,9860,15485380.0,0.072999998927116,99.92700000107288,CHN
3,3,China,2013,17927730,15730,17912000.0,0.094999998807907,99.9050000011921,CHN
4,4,China,2014,19707677,73000,19634677.0,0.400000005960465,99.59999999403954,CHN
5,5,China,2015,21210339,211000,20999339.0,1.0,99.0,CHN
6,6,China,2016,24376902,339000,24037902.0,1.5,98.5,CHN
7,7,China,2017,24718321,580000,24138321.0,2.40000009536743,97.59999990463255,CHN
8,8,China,2018,23709782,1090000,22619782.0,4.69999980926514,95.30000019073486,CHN
9,9,China,2019,21472092,1060000,20412092.0,5.0,95.0,CHN
10,10,China,2020,20177731,1140000,19037731.0,5.69999980926514,94.30000019073486,CHN
11,11,China,2021,21481537,3250019,18231518.0,16.0,84.0,CHN
12,12,China,2022,23563287,5900240,17663047.0,29.0,71.0,CHN
13,13,India,2010,2387197,450,2386747.0,0.020999999716878,99.97900000028312,IND
14,14,India,2011,2510313,1400,2508913.0,0.056000001728535,99.94399999827148,IND
15,15,India,2012,2781919,190,2781729.0,0.00719999987632,99.99280000012368,IND
16,16,India,2013,2553979,410,2553569.0,0.016000000759959,99.98399999924004,IND
17,17,India,2014,2570736,1000,2569736.0,0.037999998778105,99.9620000012219,IND
18,18,India,2015,2772270,450,2771820.0,0.017000000923872,99.98299999907611,IND
19,19,India,2016,2966637,730,2965907.0,0.026000000536442,99.97399999946356,IND
20,20,India,2017,3229109,920,3228189.0,0.030999999493361,99.96900000050664,IND
21,21,India,2018,3394756,920,3393836.0,0.029999999329448,99.97000000067057,IND
22,22,India,2019,2962115,687,2961428.0,0.024000000208616,99.97599999979138,IND
23,23,India,2020,2433464,3143,2430321.0,0.119999997317791,99.8800000026822,IND
24,24,India,2021,3082279,12051,3070228.0,0.349999994039536,99.65000000596046,IND
25,25,India,2022,3792356,48025,3744331.0,1.20000004768372,98.79999995231628,IND
26,26,Japan,2010,4203181,2402,4200779.0,0.052999999374151,99.94700000062583,JPN
27,27,Japan,2011,3509036,13015,3496021.0,0.28999999165535,99.71000000834464,JPN
28,28,Japan,2012,4572333,24001,4548332.0,0.449999988079071,99.55000001192091,JPN
29,29,Japan,2013,4562282,29004,4533278.0,0.540000021457672,99.45999997854231,JPN
30,30,Japan,2014,4699591,32007,4667584.0,0.610000014305115,99.38999998569489,JPN
31,31,Japan,2015,4215889,24390,4191499.0,0.519999980926514,99.48000001907349,JPN
32,32,Japan,2016,4146459,25500,4120959.0,0.509999990463257,99.49000000953674,JPN
33,33,Japan,2017,4386378,54850,4331528.0,1.20000004768372,98.79999995231628,JPN
34,34,Japan,2018,4391160,50610,4340550.0,1.10000002384186,98.89999997615814,JPN
35,35,Japan,2019,4301091,39670,4261421.0,0.860000014305115,99.13999998569489,JPN
36,36,Japan,2020,3809977,30490,3779487.0,0.75,99.25,JPN
37,37,Japan,2021,3675698,47500,3628198.0,1.20000004768372,98.79999995231628,JPN
38,38,Japan,2022,3448297,97990,3350307.0,2.79999995231628,97.20000004768372,JPN
39,39,USA,2010,5635432,1200,5634232.0,0.012000000104308,99.98799999989568,USA
40,40,USA,2011,6089403,17800,6071603.0,0.150000005960464,99.84999999403954,USA
41,41,USA,2012,7241900,54000,7187900.0,0.419999986886978,99.58000001311302,USA
42,42,USA,2013,7585341,97000,7488341.0,0.709999978542328,99.29000002145769,USA
43,43,USA,2014,7749432,118055,7631377.0,0.769999980926514,99.23000001907349,USA
44,44,USA,2015,7516826,114100,7402726.0,0.699999988079071,99.30000001192091,USA
45,45,USA,2016,6872729,161100,6711629.0,0.990000009536743,99.00999999046326,USA
46,46,USA,2017,6080229,196300,5883929.0,1.29999995231628,98.70000004768372,USA
47,47,USA,2018,5303580,362700,4940880.0,2.29999995231628,97.70000004768372,USA
48,48,USA,2019,4719710,327000,4392710.0,2.09999990463257,97.90000009536745,USA
49,49,USA,2020,3401838,295200,3106638.0,2.29999995231628,97.70000004768372,USA
50,50,USA,2021,3350050,633100,2716950.0,4.69999980926514,95.30000019073486,USA
51,51,USA,2022,2858575,992700,1865875.0,7.40000009536743,92.59999990463255,USA
52,52,Germany,2010,2916259,156,2916103.0,0.004900000058115,99.99509999994189,DEU
53,53,Germany,2011,3173634,1678,3171956.0,0.052000001072884,99.94799999892712,DEU
54,54,Germany,2012,3082504,3429,3079075.0,0.109999999403954,99.89000000059605,DEU
55,55,Germany,2013,2952431,6823,2945608.0,0.230000004172325,99.76999999582767,DEU
56,56,Germany,2014,3036773,13508,3023265.0,0.449999988079071,99.55000001192091,DEU
57,57,Germany,2015,3206042,23063,3182979.0,0.730000019073486,99.26999998092651,DEU
58,58,Germany,2016,3351607,24000,3327607.0,0.740000009536743,99.25999999046326,DEU
59,59,Germany,2017,3441262,54082,3387180.0,1.60000002384186,98.39999997615814,DEU
60,60,Germany,2018,3435778,67110,3368668.0,2.0,98.0,DEU
61,61,Germany,2019,3607258,108200,3499058.0,3.0,97.0,DEU
62,62,Germany,2020,2917678,390200,2527478.0,14.0,86.0,DEU
63,63,Germany,2021,2622132,690460,1931672.0,26.0,74.0,DEU
64,64,Germany,2022,2651357,830840,1820517.0,31.0,69.0,DEU
65,65,Brazil,2010,2856540,10,2856530.0,0.00034999998752,99.99965000001248,BRA
66,66,Brazil,2011,2901647,8,2901639.0,0.000280000007479,99.99971999999252,BRA
67,67,Brazil,2012,3115223,40,3115183.0,0.001300000003539,99.99869999999646,BRA
68,68,Brazil,2013,3040783,72,3040711.0,0.002400000113994,99.997599999886,BRA
69,69,Brazil,2014,2794687,61,2794626.0,0.002199999988079,99.99780000001192,BRA
70,70,Brazil,2015,2123009,89,2122920.0,0.004199999850243,99.99580000014976,BRA
71,71,Brazil,2016,1676722,177,1676545.0,0.010999999940395,99.9890000000596,BRA
72,72,Brazil,2017,1856450,430,1856020.0,0.023000000044704,99.9769999999553,BRA
73,73,Brazil,2018,2101884,410,2101474.0,0.019999999552965,99.98000000044703,BRA
74,74,Brazil,2019,2262069,1940,2260129.0,0.086000002920628,99.91399999707936,BRA
75,75,Brazil,2020,1615942,2600,1613342.0,0.159999996423721,99.84000000357628,BRA
76,76,Brazil,2021,1558467,13901,1544566.0,0.899999976158142,99.10000002384186,BRA
77,77,Brazil,2022,1576666,18502,1558164.0,1.20000004768372,98.79999995231628,BRA
78,78,France,2010,2251669,272,2251397.0,0.012000000104308,99.98799999989568,FRA
79,79,France,2011,2204229,2656,2201573.0,0.119999997317791,99.8800000026822,FRA
80,80,France,2012,1898760,6360,1892400.0,0.330000013113022,99.66999998688698,FRA
81,81,France,2013,1790456,9751,1780705.0,0.529999971389771,99.47000002861024,FRA
82,82,France,2014,1795885,13101,1782784.0,0.689999997615814,99.3100000023842,FRA
83,83,France,2015,1917226,23810,1893416.0,1.20000004768372,98.79999995231628,FRA
84,84,France,2016,2015177,30634,1984543.0,1.39999997615814,98.60000002384186,FRA
85,85,France,2017,2110748,38046,2072702.0,1.70000004768372,98.29999995231628,FRA
86,86,France,2018,2173481,48010,2125471.0,2.0,98.0,FRA
87,87,France,2019,2214280,64060,2150220.0,2.70000004768372,97.29999995231628,FRA
88,88,France,2020,1650126,185210,1464916.0,11.0,89.0,FRA
89,89,France,2021,1659005,310014,1348991.0,17.0,83.0,FRA
90,90,France,2022,1532035,340200,1191835.0,20.0,80.0,FRA
91,91,Italy,2010,1961580,40,1961540.0,0.002000000094995,99.997999999905,ITA
92,92,Italy,2011,1749740,110,1749630.0,0.00650000013411,99.99349999986588,ITA
93,93,Italy,2012,1403010,460,1402550.0,0.032999999821186,99.9670000001788,ITA
94,94,Italy,2013,1304648,1040,1303608.0,0.079999998211861,99.92000000178814,ITA
95,95,Italy,2014,1360578,1350,1359228.0,0.100000001490116,99.89999999850988,ITA
96,96,Italy,2015,1575737,2241,1573496.0,0.140000000596046,99.85999999940395,ITA
97,97,Italy,2016,1824968,2700,1822268.0,0.150000005960464,99.84999999403954,ITA
98,98,Italy,2017,1970497,4900,1965597.0,0.25,99.75,ITA
99,99,Italy,2018,1910025,9701,1900324.0,0.509999990463257,99.49000000953674,ITA
100,100,Italy,2019,1916949,17517,1899432.0,0.899999976158142,99.10000002384186,ITA
101,101,Italy,2020,1381496,60007,1321489.0,4.30000019073486,95.69999980926514,ITA
102,102,Italy,2021,1456674,138010,1318664.0,9.5,90.5,ITA
103,103,Italy,2022,1316919,114011,1202908.0,8.60000038146973,91.39999961853027,ITA
104,104,Spain,2010,982015,76,981939.0,0.007699999958277,99.99230000004172,ESP
105,105,Spain,2011,808051,398,807653.0,0.0489999987185,99.9510000012815,ESP
106,106,Spain,2012,699589,540,699049.0,0.07599999755621,99.9240000024438,ESP
107,107,Spain,2013,722689,882,721807.0,0.119999997317791,99.8800000026822,ESP
108,108,Spain,2014,890125,1730,888395.0,0.200000002980232,99.79999999701975,ESP
109,109,Spain,2015,1094077,2080,1091997.0,0.200000002980232,99.79999999701975,ESP
110,110,Spain,2016,1147007,3500,1143507.0,0.310000002384186,99.6899999976158,ESP
111,111,Spain,2017,1234932,7400,1227532.0,0.600000023841858,99.39999997615814,ESP
112,112,Spain,2018,1321438,11601,1309837.0,0.879999995231628,99.12000000476836,ESP
113,113,Spain,2019,1258249,17401,1240848.0,1.39999997615814,98.60000002384186,ESP
114,114,Spain,2020,851213,42007,809206.0,4.90000009536743,95.09999990463255,ESP
115,115,Spain,2021,859476,67010,792466.0,7.80000019073486,92.19999980926514,ESP
116,116,Spain,2022,813374,82004,731370.0,8.89999961853027,91.10000038146973,ESP
117,117,Australia,2011,559314,49,559265.0,0.00650000013411,99.99349999986588,AUS
118,118,Australia,2012,576855,250,576605.0,0.029999999329448,99.97000000067057,AUS
119,119,Australia,2013,566454,290,566164.0,0.034000001847744,99.96599999815226,AUS
120,120,Australia,2014,531596,1320,530276.0,0.159999996423721,99.84000000357628,AUS
121,121,Australia,2015,924154,1760,922394.0,0.200000002980232,99.79999999701975,AUS
122,122,Australia,2016,927274,1370,925904.0,0.150000005960464,99.84999999403954,AUS
123,123,Australia,2017,915658,2300,913358.0,0.259999990463257,99.74000000953674,AUS
124,124,Australia,2018,873713,3600,870113.0,0.419999986886978,99.58000001311302,AUS
125,125,Australia,2019,799263,9200,790063.0,1.20000004768372,98.79999995231628,AUS
126,126,Australia,2020,676804,6900,669904.0,1.10000002384186,98.89999997615814,AUS
127,127,Australia,2021,753256,20444,732812.0,2.79999995231628,97.20000004768372,AUS
128,128,Australia,2022,777688,38915,738773.0,5.09999990463257,94.90000009536745,AUS
129,129,Mexico,2011,592101,3,592098.0,0.000260000000708,99.99973999999928,MEX
130,130,Mexico,2012,649333,88,649245.0,0.007699999958277,99.99230000004172,MEX
131,131,Mexico,2013,698217,12,698205.0,0.00089000002481,99.9991099999752,MEX
132,132,Mexico,2014,745250,48,745202.0,0.003800000064075,99.99619999993593,MEX
133,133,Mexico,2015,892194,99,892095.0,0.00800000037998,99.99199999962002,MEX
134,134,Mexico,2016,1065912,770,1065142.0,0.052999999374151,99.94700000062583,MEX
135,135,Mexico,2017,984262,1200,983062.0,0.086000002920628,99.91399999707936,MEX
136,136,Mexico,2018,883043,1800,881243.0,0.140000000596046,99.85999999940395,MEX
137,137,Mexico,2019,764175,1690,762485.0,0.140000000596046,99.85999999940395,MEX
138,138,Mexico,2020,532097,3800,528297.0,0.449999988079071,99.55000001192091,MEX
139,139,Mexico,2021,520112,6500,513612.0,0.72000002861023,99.27999997138976,MEX
140,140,Mexico,2022,486962,8400,478562.0,0.889999985694885,99.11000001430511,MEX
141,141,Poland,2010,315855,16,315839.0,0.004800000227988,99.995199999772,POL
142,142,Poland,2011,277427,43,277384.0,0.014000000432134,99.98599999956788,POL
143,143,Poland,2012,272719,48,272671.0,0.017000000923872,99.98299999907611,POL
144,144,Poland,2013,289913,37,289876.0,0.013000000268221,99.98699999973178,POL
145,145,Poland,2014,327709,201,327508.0,0.061999998986721,99.93800000101328,POL
146,146,Poland,2015,354975,220,354755.0,0.061000000685454,99.93899999931456,POL
147,147,Poland,2016,416123,510,415613.0,0.119999997317791,99.8800000026822,POL
148,148,Poland,2017,486352,1080,485272.0,0.219999998807907,99.7800000011921,POL
149,149,Poland,2018,531889,1381,530508.0,0.259999990463257,99.74000000953674,POL
150,150,Poland,2019,555598,2700,552898.0,0.490000009536743,99.50999999046326,POL
151,151,Poland,2020,428347,8200,420147.0,1.89999997615814,98.10000002384186,POL
152,152,Poland,2021,446647,16378,430269.0,3.59999990463257,96.40000009536745,POL
153,153,Poland,2022,419749,25046,394703.0,6.0,94.0,POL
154,154,Belgium,2010,547340,56,547284.0,0.009999999776483,99.99000000022352,BEL
155,155,Belgium,2011,572211,296,571915.0,0.052000001072884,99.94799999892712,BEL
156,156,Belgium,2012,486737,910,485827.0,0.189999997615814,99.8100000023842,BEL
157,157,Belgium,2013,486065,560,485505.0,0.119999997317791,99.8800000026822,BEL
158,158,Belgium,2014,482939,1950,480989.0,0.409999996423721,99.59000000357628,BEL
159,159,Belgium,2015,501066,3902,497164.0,0.769999980926514,99.23000001907349,BEL
160,160,Belgium,2016,539519,9207,530312.0,1.70000004768372,98.29999995231628,BEL
161,161,Belgium,2017,546558,14711,531847.0,2.59999990463257,97.40000009536745,BEL
162,162,Belgium,2018,549632,13213,536419.0,2.40000009536743,97.59999990463255,BEL
163,163,Belgium,2019,550008,17712,532296.0,3.20000004768372,96.79999995231628,BEL
164,164,Belgium,2020,424492,47004,377488.0,11.0,89.0,BEL
165,165,Belgium,2021,383123,71021,312102.0,18.0,82.0,BEL
166,166,Belgium,2022,366333,97020,269313.0,26.0,74.0,BEL
167,167,South Africa,2013,450561,34,450527.0,0.007499999832362,99.99250000016764,ZAF
168,168,South Africa,2014,439264,15,439249.0,0.003400000045076,99.99659999995492,ZAF
169,169,South Africa,2015,412670,240,412430.0,0.05799999833107,99.94200000166892,ZAF
170,170,South Africa,2016,361289,380,360909.0,0.100000001490116,99.89999999850988,ZAF
171,171,South Africa,2017,361289,198,361091.0,0.052999999374151,99.94700000062583,ZAF
172,172,South Africa,2018,365242,148,365094.0,0.041000001132488,99.95899999886753,ZAF
173,173,South Africa,2019,355378,232,355146.0,0.064000003039837,99.93599999696016,ZAF
174,174,South Africa,2020,247571,242,247329.0,0.097999997437,99.902000002563,ZAF
175,175,South Africa,2021,304340,272,304068.0,0.087999999523163,99.91200000047684,ZAF
176,176,South Africa,2022,363696,622,363074.0,0.170000001788139,99.82999999821186,ZAF
177,177,Netherlands,2010,482531,120,482411.0,0.025000000372529,99.97499999962749,NLD
178,178,Netherlands,2011,555812,877,554935.0,0.159999996423721,99.84000000357628,NLD
179,179,Netherlands,2012,502544,5090,497454.0,1.0,99.0,NLD
180,180,Netherlands,2013,416717,22600,394117.0,5.5,94.5,NLD
181,181,Netherlands,2014,387569,14702,372867.0,3.90000009536743,96.09999990463255,NLD
182,182,Netherlands,2015,449350,42419,406931.0,9.5,90.5,NLD
183,183,Netherlands,2016,382825,22007,360818.0,5.80000019073486,94.19999980926514,NLD
184,184,Netherlands,2017,414306,11207,403099.0,1.79999995231628,98.20000004768372,NLD
185,185,Netherlands,2018,443531,30113,413418.0,4.69999980926514,95.30000019073486,NLD
186,186,Netherlands,2019,446057,69860,376197.0,11.0,89.0,NLD
187,187,Netherlands,2020,357996,94170,263826.0,16.0,84.0,NLD
188,188,Netherlands,2021,324336,110140,214196.0,19.0,81.0,NLD
189,189,Netherlands,2022,313609,137087,176522.0,26.0,74.0,NLD
190,190,Chile,2011,245116,6,245110.0,0.002400000113994,99.997599999886,CHL
191,191,Chile,2012,257013,5,257008.0,0.002000000094995,99.997999999905,CHL
192,192,Chile,2013,286588,5,286583.0,0.001900000032038,99.99809999996796,CHL
193,193,Chile,2014,256160,17,256143.0,0.007100000046194,99.9928999999538,CHL
194,194,Chile,2015,212023,33,211990.0,0.017000000923872,99.98299999907611,CHL
195,195,Chile,2016,228909,27,228882.0,0.013000000268221,99.98699999973178,CHL
196,196,Chile,2017,276785,135,276650.0,0.061000000685454,99.93899999931456,CHL
197,197,Chile,2018,315326,168,315158.0,0.070000000298023,99.92999999970198,CHL
198,198,Chile,2019,260683,300,260383.0,0.140000000596046,99.85999999940395,CHL
199,199,Chile,2020,194128,189,193939.0,0.159999996423721,99.84000000357628,CHL
200,200,Chile,2021,304045,571,303474.0,0.189999997615814,99.8100000023842,CHL
201,201,Chile,2022,313589,1501,312088.0,0.5,99.5,CHL
202,202,Sweden,2010,289684,4,289680.0,0.001300000003539,99.99869999999646,SWE
203,203,Sweden,2011,304984,180,304804.0,0.054000001400709,99.94599999859928,SWE
204,204,Sweden,2012,279899,930,278969.0,0.310000002384186,99.6899999976158,SWE
205,205,Sweden,2013,269599,1533,268066.0,0.529999971389771,99.47000002861024,SWE
206,206,Sweden,2014,303948,4600,299348.0,1.39999997615814,98.60000002384186,SWE
207,207,Sweden,2015,345108,8701,336407.0,2.40000009536743,97.59999990463255,SWE
208,208,Sweden,2016,372318,12903,359415.0,3.40000009536743,96.59999990463255,SWE
209,209,Sweden,2017,379393,20414,358979.0,5.09999990463257,94.90000009536745,SWE
210,210,Sweden,2018,353729,29100,324629.0,7.59999990463257,92.40000009536745,SWE
211,211,Sweden,2019,356036,41002,315034.0,11.0,89.0,SWE
212,212,Sweden,2020,292024,94005,198019.0,32.0,68.0,SWE
213,213,Sweden,2021,301006,135016,165990.0,43.0,57.0,SWE
214,214,Sweden,2022,288087,163002,125085.0,54.0,46.0,SWE
215,215,Canada,2011,681956,520,681436.0,0.041000001132488,99.95899999886753,CAN
216,216,Canada,2012,748530,1920,746610.0,0.140000000596046,99.85999999940395,CAN
217,217,Canada,2013,755615,3100,752515.0,0.219999998807907,99.7800000011921,CAN
218,218,Canada,2014,760449,5100,755349.0,0.349999994039536,99.65000000596046,CAN
219,219,Canada,2015,712322,6800,705522.0,0.449999988079071,99.55000001192091,CAN
220,220,Canada,2016,661088,11600,649488.0,0.759999990463257,99.24000000953674,CAN
221,221,Canada,2017,639824,16700,623124.0,1.0,99.0,CAN
222,222,Canada,2018,577711,44000,533711.0,2.79999995231628,97.20000004768372,CAN
223,223,Canada,2019,496846,51079,445767.0,3.40000009536743,96.59999990463255,CAN
224,224,Canada,2020,318750,51016,267734.0,4.19999980926514,95.80000019073486,CAN
225,225,Canada,2021,320605,87130,233475.0,6.40000009536743,93.59999990463255,CAN
226,226,Canada,2022,258483,115019,143464.0,9.5,90.5,CAN
227,227,Israel,2011,210000,3,209997.0,0.001300000003539,99.99869999999646,ISR
228,228,Israel,2012,190000,601,189399.0,0.270000010728836,99.72999998927116,ISR
229,229,Israel,2013,200000,477,199523.0,0.209999993443489,99.79000000655653,ISR
230,230,Israel,2014,228000,58,227942.0,0.021999999880791,99.9780000001192,ISR
231,231,Israel,2015,247300,68,247232.0,0.024000000208616,99.97599999979138,ISR
232,232,Israel,2016,276900,68,276832.0,0.021999999880791,99.9780000001192,ISR
233,233,Israel,2017,271134,1630,269504.0,0.519999980926514,99.48000001907349,ISR
234,234,Israel,2018,257465,3730,253735.0,1.20000004768372,98.79999995231628,ISR
235,235,Israel,2019,239671,4750,234921.0,1.60000002384186,98.39999997615814,ISR
236,236,Israel,2020,202366,6900,195466.0,2.59999990463257,97.40000009536745,ISR
237,237,Israel,2021,272646,24000,248646.0,6.90000009536743,93.09999990463255,ISR
238,238,Israel,2022,257743,43000,214743.0,12.0,88.0,ISR
239,239,Switzerland,2011,318958,441,318517.0,0.140000000596046,99.85999999940395,CHE
240,240,Switzerland,2012,328139,740,327399.0,0.230000004172325,99.76999999582767,CHE
241,241,Switzerland,2013,307885,1370,306515.0,0.430000007152557,99.56999999284744,CHE
242,242,Switzerland,2014,301942,2900,299042.0,0.959999978542328,99.04000002145769,CHE
243,243,Switzerland,2015,323783,5710,318073.0,1.70000004768372,98.29999995231628,CHE
244,244,Switzerland,2016,317318,6126,311192.0,1.89999997615814,98.10000002384186,CHE
245,245,Switzerland,2017,311996,8401,303595.0,2.70000004768372,97.29999995231628,CHE
246,246,Switzerland,2018,299135,9522,289613.0,3.20000004768372,96.79999995231628,CHE
247,247,Switzerland,2019,311466,17325,294141.0,5.59999990463257,94.40000009536745,CHE
248,248,Switzerland,2020,236828,34000,202828.0,14.0,86.0,CHE
249,249,Switzerland,2021,238481,54056,184425.0,23.0,77.0,CHE
250,250,Switzerland,2022,226006,59072,166934.0,26.0,74.0,CHE
251,251,Austria,2013,319035,650,318385.0,0.200000002980232,99.79999999701975,AUT
252,252,Austria,2014,303318,1706,301612.0,0.569999992847443,99.43000000715256,AUT
253,253,Austria,2015,308555,2804,305751.0,0.899999976158142,99.10000002384186,AUT
254,254,Austria,2016,329604,5000,324604.0,1.5,98.5,AUT
255,255,Austria,2017,353320,7102,346218.0,2.0,98.0,AUT
256,256,Austria,2018,341068,9107,331961.0,2.59999990463257,97.40000009536745,AUT
257,257,Austria,2019,320381,11519,308862.0,3.5,96.5,AUT
258,258,Austria,2020,257721,23614,234107.0,9.5,90.5,AUT
259,259,Austria,2021,239803,48014,191789.0,20.0,80.0,AUT
260,260,Austria,2022,215050,47014,168036.0,22.0,78.0,AUT
261,261,Colombia,2015,236800,42,236758.0,0.017000000923872,99.98299999907611,COL
262,262,Colombia,2016,215700,53,215647.0,0.023000000044704,99.9769999999553,COL
263,263,Colombia,2017,206336,148,206188.0,0.06700000166893,99.93299999833108,COL
264,264,Colombia,2018,220088,570,219518.0,0.239999994635582,99.76000000536442,COL
265,265,Colombia,2019,220581,1320,219261.0,0.550000011920929,99.44999998807909,COL
266,266,Colombia,2020,85282,950,84332.0,0.569999992847443,99.43000000715256,COL
267,267,Colombia,2021,200914,2540,198374.0,1.20000004768372,98.79999995231628,COL
268,268,Colombia,2022,208160,4300,203860.0,2.0,98.0,COL
269,269,Norway,2010,127754,360,127394.0,0.280000001192093,99.7199999988079,NOR
270,270,Norway,2011,138345,2000,136345.0,1.39999997615814,98.60000002384186,NOR
271,271,Norway,2012,137967,4220,133747.0,3.09999990463257,96.90000009536745,NOR
272,272,Norway,2013,142151,8240,133911.0,5.80000019073486,94.19999980926514,NOR
273,273,Norway,2014,144202,21704,122498.0,15.0,85.0,NOR
274,274,Norway,2015,150686,33909,116777.0,22.0,78.0,NOR
275,275,Norway,2016,154603,45020,109583.0,29.0,71.0,NOR
276,276,Norway,2017,158650,62030,96620.0,39.0,61.0,NOR
277,277,Norway,2018,147929,73045,74884.0,49.0,51.0,NOR
278,278,Norway,2019,133964,79029,54935.0,56.0,44.0,NOR
279,279,Norway,2020,124424,106016,18408.0,75.0,25.0,NOR
280,280,Norway,2021,176276,148039,28237.0,86.0,14.0,NOR
281,281,Norway,2022,174329,156027,18302.0,89.0,11.0,NOR
282,282,Portugal,2010,223464,13,223451.0,0.005799999926239,99.99420000007376,PRT
283,283,Portugal,2011,153404,172,153232.0,0.109999999403954,99.89000000059605,PRT
284,284,Portugal,2012,95309,84,95225.0,0.087999999523163,99.91200000047684,PRT
285,285,Portugal,2013,105921,185,105736.0,0.170000001788139,99.82999999821186,PRT
286,286,Portugal,2014,142826,288,142538.0,0.200000002980232,99.79999999701975,PRT
287,287,Portugal,2015,178503,1100,177403.0,0.620000004768372,99.37999999523164,PRT
288,288,Portugal,2016,207345,1800,205545.0,0.870000004768372,99.12999999523164,PRT
289,289,Portugal,2017,222129,4400,217729.0,2.0,98.0,PRT
290,290,Portugal,2018,228327,8200,220127.0,3.59999990463257,96.40000009536745,PRT
291,291,Portugal,2019,223799,12600,211199.0,5.59999990463257,94.40000009536745,PRT
292,292,Portugal,2020,145417,19800,125617.0,13.0,87.0,PRT
293,293,Portugal,2021,149740,29001,120739.0,20.0,80.0,PRT
294,294,Portugal,2022,156304,34000,122304.0,22.0,78.0,PRT
295,295,Denmark,2011,170036,422,169614.0,0.25,99.75,DNK
296,296,Denmark,2012,170763,502,170261.0,0.28999999165535,99.71000000834464,DNK
297,297,Denmark,2013,182086,525,181561.0,0.280000001192093,99.7199999988079,DNK
298,298,Denmark,2014,189055,1691,187364.0,0.899999976158142,99.10000002384186,DNK
299,299,Denmark,2015,207717,4758,202959.0,2.29999995231628,97.70000004768372,DNK
300,300,Denmark,2016,222924,1884,221040.0,0.850000023841858,99.14999997615814,DNK
301,301,Denmark,2017,221821,1345,220476.0,0.600000023841858,99.39999997615814,DNK
302,302,Denmark,2018,218566,4605,213961.0,2.09999990463257,97.90000009536745,DNK
303,303,Denmark,2019,225581,9408,216173.0,4.19999980926514,95.80000019073486,DNK
304,304,Denmark,2020,198130,32045,166085.0,16.0,84.0,DNK
305,305,Denmark,2021,185324,65078,120246.0,35.0,65.0,DNK
306,306,Denmark,2022,148293,57006,91287.0,39.0,61.0,DNK
307,307,Romania,2015,98325,24,98301.0,0.029999999329448,99.97000000067057,ROU
308,308,Romania,2016,115004,74,114930.0,0.079999998211861,99.92000000178814,ROU
309,309,Romania,2017,105083,190,104893.0,0.180000007152557,99.81999999284744,ROU
310,310,Romania,2018,129004,600,128404.0,0.46000000834465,99.53999999165536,ROU
311,311,Romania,2019,161562,1500,160062.0,0.930000007152557,99.06999999284744,ROU
312,312,Romania,2020,126351,3800,122551.0,3.09999990463257,96.90000009536745,ROU
313,313,Romania,2021,120804,6300,114504.0,5.19999980926514,94.80000019073486,ROU
314,314,Romania,2022,127948,12000,115948.0,9.0,91.0,ROU
315,315,New Zealand,2010,62029,10,62019.0,0.006300000008196,99.9936999999918,NZL
316,316,New Zealand,2011,63471,15,63456.0,0.009899999946356,99.99010000005364,NZL
317,317,New Zealand,2012,76871,27,76844.0,0.017000000923872,99.98299999907611,NZL
318,318,New Zealand,2013,82433,36,82397.0,0.018999999389052,99.98100000061096,NZL
319,319,New Zealand,2014,90131,320,89811.0,0.140000000596046,99.85999999940395,NZL
320,320,New Zealand,2015,94964,500,94464.0,0.300000011920929,99.69999998807909,NZL
321,321,New Zealand,2016,102514,1540,100974.0,0.779999971389771,99.22000002861024,NZL
322,322,New Zealand,2017,107951,3440,104511.0,1.39999997615814,98.60000002384186,NZL
323,323,New Zealand,2018,107674,5600,102074.0,2.09999990463257,97.90000009536745,NZL
324,324,New Zealand,2019,103610,6902,96708.0,2.29999995231628,97.70000004768372,NZL
325,325,New Zealand,2020,80433,5403,75030.0,1.60000002384186,98.39999997615814,NZL
326,326,New Zealand,2021,111299,10301,100998.0,3.40000009536743,96.59999990463255,NZL
327,327,New Zealand,2022,116334,28210,88124.0,11.0,89.0,NZL
328,328,Hungary,2015,77171,135,77036.0,0.170000001788139,99.82999999821186,HUN
329,329,Hungary,2016,96552,340,96212.0,0.360000014305115,99.63999998569489,HUN
330,330,Hungary,2017,116265,1190,115075.0,1.0,99.0,HUN
331,331,Hungary,2018,136601,2070,134531.0,1.5,98.5,HUN
332,332,Hungary,2019,157900,2900,155000.0,1.89999997615814,98.10000002384186,HUN
333,333,Hungary,2020,128021,6000,122021.0,4.69999980926514,95.30000019073486,HUN
334,334,Hungary,2021,121920,8500,113420.0,7.0,93.0,HUN
335,335,Hungary,2022,111524,9600,101924.0,8.60000038146973,91.39999961853027,HUN
336,336,Greece,2013,58694,3,58691.0,0.005100000184029,99.99489999981596,GRC
337,337,Greece,2014,71218,39,71179.0,0.054999999701977,99.94500000029802,GRC
338,338,Greece,2015,75805,57,75748.0,0.078000001609325,99.92199999839067,GRC
339,339,Greece,2016,78873,97,78776.0,0.119999997317791,99.8800000026822,GRC
340,340,Greece,2017,88083,190,87893.0,0.219999998807907,99.7800000011921,GRC
341,341,Greece,2018,103431,298,103133.0,0.28999999165535,99.71000000834464,GRC
342,342,Greece,2019,114109,480,113629.0,0.419999986886978,99.58000001311302,GRC
343,343,Greece,2020,80977,2180,78797.0,2.59999990463257,97.40000009536745,GRC
344,344,Greece,2021,100916,7000,93916.0,6.90000009536743,93.09999990463255,GRC
345,345,Greece,2022,105283,8300,96983.0,7.90000009536743,92.09999990463255,GRC
346,346,Ireland,2015,124804,590,124214.0,0.469999998807907,99.5300000011921,IRL
347,347,Ireland,2016,146600,690,145910.0,0.469999998807907,99.5300000011921,IRL
348,348,Ireland,2017,131332,950,130382.0,0.72000002861023,99.27999997138976,IRL
349,349,Ireland,2018,125557,1940,123617.0,1.60000002384186,98.39999997615814,IRL
350,350,Ireland,2019,117109,4700,112409.0,4.09999990463257,95.90000009536745,IRL
351,351,Ireland,2020,88324,6500,81824.0,7.40000009536743,92.59999990463255,IRL
352,352,Ireland,2021,104669,16500,88169.0,16.0,84.0,IRL
353,353,Ireland,2022,105253,23700,81553.0,22.0,78.0,IRL
354,354,Finland,2011,126123,30,126093.0,0.025000000372529,99.97499999962749,FIN
355,355,Finland,2012,111251,181,111070.0,0.170000001788139,99.82999999821186,FIN
356,356,Finland,2013,103455,220,103235.0,0.209999993443489,99.79000000655653,FIN
357,357,Finland,2014,106237,440,105797.0,0.409999996423721,99.59000000357628,FIN
358,358,Finland,2015,108819,660,108159.0,0.600000023841858,99.39999997615814,FIN
359,359,Finland,2016,118991,1420,117571.0,1.20000004768372,98.79999995231628,FIN
360,360,Finland,2017,120480,3100,117380.0,2.59999990463257,97.40000009536745,FIN
361,361,Finland,2018,120480,5680,114800.0,4.69999980926514,95.30000019073486,FIN
362,362,Finland,2019,114202,7900,106302.0,6.90000009536743,93.09999990463255,FIN
363,363,Finland,2020,96392,17200,79192.0,18.0,82.0,FIN
364,364,Finland,2021,98481,30001,68480.0,31.0,69.0,FIN
365,365,Finland,2022,81674,31000,50674.0,38.0,62.0,FIN
366,366,Slovakia,2015,77968,52,77916.0,0.070000000298023,99.92999999970198,SVK
367,367,Slovakia,2016,88165,59,88106.0,0.070000000298023,99.92999999970198,SVK
368,368,Slovakia,2017,96105,210,95895.0,0.219999998807907,99.7800000011921,SVK
369,369,Slovakia,2018,98080,290,97790.0,0.300000011920929,99.69999998807909,SVK
370,370,Slovakia,2019,101568,360,101208.0,0.360000014305115,99.63999998569489,SVK
371,371,Slovakia,2020,76305,1780,74525.0,2.29999995231628,97.70000004768372,SVK
372,372,Slovakia,2021,75700,2300,73400.0,3.0,97.0,SVK
373,373,Slovakia,2022,78841,3000,75841.0,3.70000004768372,96.29999995231628,SVK
374,374,Croatia,2019,62977,257,62720.0,0.409999996423721,99.59000000357628,HRV
375,375,Croatia,2020,36057,670,35387.0,1.89999997615814,98.10000002384186,HRV
376,376,Croatia,2021,44929,1800,43129.0,3.79999995231628,96.20000004768372,HRV
377,377,Croatia,2022,42955,2240,40715.0,5.0,95.0,HRV
378,378,Bulgaria,2015,23500,21,23479.0,0.090000003576279,99.90999999642372,BGR
379,379,Bulgaria,2016,26370,13,26357.0,0.050000000745058,99.94999999925494,BGR
380,380,Bulgaria,2017,33265,106,33159.0,0.340000003576279,99.65999999642372,BGR
381,381,Bulgaria,2018,37506,216,37290.0,0.639999985694885,99.36000001430511,BGR
382,382,Bulgaria,2019,35371,236,35135.0,0.670000016689301,99.3299999833107,BGR
383,383,Bulgaria,2021,24537,550,23987.0,2.20000004768372,97.79999995231628,BGR
384,384,Bulgaria,2022,28684,1140,27544.0,4.0,96.0,BGR
385,385,Costa Rica,2015,41800,4,41796.0,0.009600000455976,99.99039999954402,CRI
386,386,Costa Rica,2016,48300,12,48288.0,0.025000000372529,99.97499999962749,CRI
387,387,Costa Rica,2017,41330,25,41305.0,0.059999998658896,99.9400000013411,CRI
388,388,Costa Rica,2018,33352,200,33152.0,0.589999973773956,99.41000002622604,CRI
389,389,Costa Rica,2019,30825,460,30365.0,1.5,98.5,CRI
390,390,Costa Rica,2020,0,630,,2.70000004768372,,CRI
391,391,Costa Rica,2021,0,1000,,3.90000009536743,,CRI
392,392,Costa Rica,2022,0,1600,,5.5,,CRI
393,393,Cyprus,2019,12438,23,12415.0,0.189999997615814,99.8100000023842,CYP
394,394,Cyprus,2020,0,125,,1.39999997615814,,CYP
395,395,Cyprus,2021,0,182,,1.70000004768372,,CYP
396,396,Cyprus,2022,0,630,,5.40000009536743,,CYP
397,397,Estonia,2015,20347,34,20313.0,0.159999996423721,99.84000000357628,EST
398,398,Estonia,2016,22429,35,22394.0,0.150000005960464,99.84999999403954,EST
399,399,Estonia,2017,25618,46,25572.0,0.180000007152557,99.81999999284744,EST
400,400,Estonia,2018,26297,118,26179.0,0.46000000834465,99.53999999165536,EST
401,401,Estonia,2019,32132,97,32035.0,0.360000014305115,99.63999998569489,EST
402,402,Estonia,2020,0,415,,1.79999995231628,,EST
403,403,Estonia,2021,0,720,,3.20000004768372,,EST
404,404,Estonia,2022,0,1160,,5.40000009536743,,EST
405,405,Iceland,2012,7902,26,7876.0,0.330000013113022,99.66999998688698,ISL
406,406,Iceland,2013,7274,103,7171.0,1.39999997615814,98.60000002384186,ISL
407,407,Iceland,2014,9536,229,9307.0,2.40000009536743,97.59999990463255,ISL
408,408,Iceland,2015,14004,560,13444.0,3.90000009536743,96.09999990463255,ISL
409,409,Iceland,2016,18442,1160,17282.0,6.30000019073486,93.69999980926514,ISL
410,410,Iceland,2017,21324,3040,18284.0,14.0,86.0,ISL
411,411,Iceland,2018,17976,3696,14280.0,20.0,80.0,ISL
412,412,Iceland,2019,11692,3107,8585.0,26.0,74.0,ISL
413,413,Iceland,2020,0,4901,,52.0,,ISL
414,414,Iceland,2021,0,9103,,70.0,,ISL
415,415,Iceland,2022,0,12000,,69.0,,ISL
416,416,Latvia,2015,13765,26,13739.0,0.189999997615814,99.8100000023842,LVA
417,417,Latvia,2016,16359,40,16319.0,0.239999994635582,99.76000000536442,LVA
418,418,Latvia,2017,16698,40,16658.0,0.239999994635582,99.76000000536442,LVA
419,419,Latvia,2018,16878,90,16788.0,0.529999971389771,99.47000002861024,LVA
420,420,Latvia,2019,16974,98,16876.0,0.540000021457672,99.45999997854231,LVA
421,421,Latvia,2020,0,383,,2.59999990463257,,LVA
422,422,Latvia,2021,0,550,,3.90000009536743,,LVA
423,423,Latvia,2022,0,1400,,8.10000038146973,,LVA
424,424,Lithuania,2015,17085,37,17048.0,0.219999998807907,99.7800000011921,LTU
425,425,Lithuania,2016,20320,64,20256.0,0.319999992847443,99.68000000715256,LTU
426,426,Lithuania,2017,25836,52,25784.0,0.200000002980232,99.79999999701975,LTU
427,427,Lithuania,2019,43109,160,42949.0,0.349999994039536,99.65000000596046,LTU
428,428,Lithuania,2020,0,450,,1.10000002384186,,LTU
429,429,Lithuania,2021,0,1600,,5.0,,LTU
430,430,Lithuania,2022,0,2070,,7.90000009536743,,LTU
431,431,Luxembourg,2019,54938,1900,53038.0,3.5,96.5,LUX
432,432,Luxembourg,2020,0,5200,,11.0,,LUX
433,433,Luxembourg,2021,0,9000,,20.0,,LUX
434,434,Luxembourg,2022,0,10200,,24.0,,LUX
435,435,Slovenia,2016,63674,186,63488.0,0.319999992847443,99.68000000715256,SVN
436,436,Slovenia,2017,62522,460,62062.0,0.639999985694885,99.36000001430511,SVN
437,437,Slovenia,2018,65115,660,64455.0,0.910000026226044,99.08999997377396,SVN
438,438,Slovenia,2019,70904,218,70686.0,0.28999999165535,99.71000000834464,SVN
439,439,Slovenia,2020,0,1639,,3.09999990463257,,SVN
440,440,Slovenia,2021,0,2010,,3.79999995231628,,SVN
441,441,Slovenia,2022,0,2890,,6.19999980926514,,SVN
