,Unnamed: 0,Postcode,LGA code,Local Government Area,Population in 2021,Population in 2022,Population in 2023,Number of Earners,Median Age of Earners,Mean Income,Lat_precise,Long_precise,State,Fuel Type,Registrations_2021,Registrations_2022,Registrations
1688,1688,2784,10900,Blue Mountains,78372,77913,78446,45492,47,68846,-33.7279709,150.4167407,NSW,Hybrid/PHEV,10.0,11.0,15.0
1690,1690,2784,10900,Blue Mountains,78372,77913,78446,45492,47,68846,-33.7279709,150.4167407,NSW,BEV,3.0,4.0,5.0
1694,1694,2783,10900,Blue Mountains,78372,77913,78446,45492,47,68846,-33.7256417,150.4370338,NSW,BEV,3.0,4.0,9.0
1726,1726,2778,10900,Blue Mountains,78372,77913,78446,45492,47,68846,-33.735556,150.478333,NSW,BEV,3.0,3.0,14.0
1730,1730,2778,10900,Blue Mountains,78372,77913,78446,45492,47,68846,-33.715556,150.496111,NSW,BEV,3.0,3.0,14.0
1778,1778,2773,10900,Blue Mountains,78372,77913,78446,45492,47,68846,-33.774,150.637,NSW,BEV,6.0,15.0,22.0
1782,1782,2773,10900,Blue Mountains,78372,77913,78446,45492,47,68846,-33.766667,150.619444,NSW,BEV,6.0,15.0,22.0
2660,2660,2556,11450,Camden,120083,127808,134811,66890,38,72912,-33.9404662,150.7330562,NSW,Hybrid/PHEV,7.0,14.0,19.0
2664,2664,2556,11450,Camden,120083,127808,134811,66890,38,72912,0.0,0.0,NSW,Hybrid/PHEV,7.0,14.0,19.0
6062,6062,2330,13800,Hawkesbury,67605,67862,68156,39681,43,68945,-32.5859558,151.1228434,NSW,BEV,3.0,8.0,14.0
6066,6066,2330,13800,Hawkesbury,67605,67862,68156,39681,43,68945,-33.0173721,150.376515,NSW,BEV,3.0,8.0,14.0
6070,6070,2330,13800,Hawkesbury,67605,67862,68156,39681,43,68945,-32.5997067,151.1985879,NSW,BEV,3.0,8.0,14.0
6074,6074,2330,13800,Hawkesbury,67605,67862,68156,39681,43,68945,-32.4970451,151.287575,NSW,BEV,3.0,8.0,14.0
6078,6078,2330,13800,Hawkesbury,67605,67862,68156,39681,43,68945,-32.5205427,151.1927601,NSW,BEV,3.0,8.0,14.0
6082,6082,2330,13800,Hawkesbury,67605,67862,68156,39681,43,68945,-32.5762016,151.0387662,NSW,BEV,3.0,8.0,14.0
6086,6086,2330,13800,Hawkesbury,67605,67862,68156,39681,43,68945,-32.3641,151.2439173,NSW,BEV,3.0,8.0,14.0
6090,6090,2330,13800,Hawkesbury,67605,67862,68156,39681,43,68945,-32.5410449,151.1607111,NSW,BEV,3.0,8.0,14.0
6094,6094,2330,13800,Hawkesbury,67605,67862,68156,39681,43,68945,-32.5645,151.168,NSW,BEV,3.0,8.0,14.0
6098,6098,2330,13800,Hawkesbury,67605,67862,68156,39681,43,68945,-32.5694741,151.1788155,NSW,BEV,3.0,8.0,14.0
6102,6102,2330,13800,Hawkesbury,67605,67862,68156,39681,43,68945,-32.5425226,151.2393885,NSW,BEV,3.0,8.0,14.0
6106,6106,2330,13800,Hawkesbury,67605,67862,68156,39681,43,68945,-32.5972436,151.2510477,NSW,BEV,3.0,8.0,14.0
6110,6110,2330,13800,Hawkesbury,67605,67862,68156,39681,43,68945,-32.5765186,151.2510477,NSW,BEV,3.0,8.0,14.0
6114,6114,2330,13800,Hawkesbury,67605,67862,68156,39681,43,68945,-32.5353824,151.1434823,NSW,BEV,3.0,8.0,14.0
6118,6118,2330,13800,Hawkesbury,67605,67862,68156,39681,43,68945,-32.4952479,151.3258763,NSW,BEV,3.0,8.0,14.0
6122,6122,2330,13800,Hawkesbury,67605,67862,68156,39681,43,68945,-32.5586775,151.1898463,NSW,BEV,3.0,8.0,14.0
6126,6126,2330,13800,Hawkesbury,67605,67862,68156,39681,43,68945,-32.4303888,151.0542315,NSW,BEV,3.0,8.0,14.0
6130,6130,2330,13800,Hawkesbury,67605,67862,68156,39681,43,68945,-32.966667,150.666667,NSW,BEV,3.0,8.0,14.0
6134,6134,2330,13800,Hawkesbury,67605,67862,68156,39681,43,68945,-32.5151396,151.1607111,NSW,BEV,3.0,8.0,14.0
6138,6138,2330,13800,Hawkesbury,67605,67862,68156,39681,43,68945,-32.6165279,151.1521394,NSW,BEV,3.0,8.0,14.0
6142,6142,2330,13800,Hawkesbury,67605,67862,68156,39681,43,68945,-32.2479309,151.2760425,NSW,BEV,3.0,8.0,14.0
6146,6146,2330,13800,Hawkesbury,67605,67862,68156,39681,43,68945,-32.4140456,151.2104248,NSW,BEV,3.0,8.0,14.0
6150,6150,2330,13800,Hawkesbury,67605,67862,68156,39681,43,68945,-32.5550272,151.2818024,NSW,BEV,3.0,8.0,14.0
6154,6154,2330,13800,Hawkesbury,67605,67862,68156,39681,43,68945,-32.4373423,151.3669576,NSW,BEV,3.0,8.0,14.0
6158,6158,2330,13800,Hawkesbury,67605,67862,68156,39681,43,68945,-32.6937112,150.9983817,NSW,BEV,3.0,8.0,14.0
6162,6162,2330,13800,Hawkesbury,67605,67862,68156,39681,43,68945,-32.4467172,151.1461455,NSW,BEV,3.0,8.0,14.0
6166,6166,2330,13800,Hawkesbury,67605,67862,68156,39681,43,68945,-32.5470389,151.1432325,NSW,BEV,3.0,8.0,14.0
6170,6170,2330,13800,Hawkesbury,67605,67862,68156,39681,43,68945,-32.5507569,151.1048306,NSW,BEV,3.0,8.0,14.0
6174,6174,2330,13800,Hawkesbury,67605,67862,68156,39681,43,68945,-32.5652455,151.1228434,NSW,BEV,3.0,8.0,14.0
6178,6178,2330,13800,Hawkesbury,67605,67862,68156,39681,43,68945,-32.4823459,150.9563762,NSW,BEV,3.0,8.0,14.0
6182,6182,2330,13800,Hawkesbury,67605,67862,68156,39681,43,68945,-32.5101865,150.9148457,NSW,BEV,3.0,8.0,14.0
6186,6186,2330,13800,Hawkesbury,67605,67862,68156,39681,43,68945,-32.5402273,151.1781916,NSW,BEV,3.0,8.0,14.0
6190,6190,2330,13800,Hawkesbury,67605,67862,68156,39681,43,68945,-32.4321711,150.9332884,NSW,BEV,3.0,8.0,14.0
6194,6194,2330,13800,Hawkesbury,67605,67862,68156,39681,43,68945,-32.8483182,150.835928,NSW,BEV,3.0,8.0,14.0
6198,6198,2330,13800,Hawkesbury,67605,67862,68156,39681,43,68945,-32.323881,151.0689898,NSW,BEV,3.0,8.0,14.0
6202,6202,2330,13800,Hawkesbury,67605,67862,68156,39681,43,68945,-32.5996269,151.125756,NSW,BEV,3.0,8.0,14.0
6206,6206,2330,13800,Hawkesbury,67605,67862,68156,39681,43,68945,-32.3927299,151.1727287,NSW,BEV,3.0,8.0,14.0
6210,6210,2330,13800,Hawkesbury,67605,67862,68156,39681,43,68945,-32.5607152,151.1461455,NSW,BEV,3.0,8.0,14.0
6214,6214,2330,13800,Hawkesbury,67605,67862,68156,39681,43,68945,-32.580522,151.0908086,NSW,BEV,3.0,8.0,14.0
6218,6218,2330,13800,Hawkesbury,67605,67862,68156,39681,43,68945,-32.2915461,151.1989522,NSW,BEV,3.0,8.0,14.0
6222,6222,2330,13800,Hawkesbury,67605,67862,68156,39681,43,68945,-32.5946981,151.1577979,NSW,BEV,3.0,8.0,14.0
6226,6226,2330,13800,Hawkesbury,67605,67862,68156,39681,43,68945,-32.4494248,151.1166506,NSW,BEV,3.0,8.0,14.0
6230,6230,2330,13800,Hawkesbury,67605,67862,68156,39681,43,68945,-32.4972,151.407,NSW,BEV,3.0,8.0,14.0
6234,6234,2330,13800,Hawkesbury,67605,67862,68156,39681,43,68945,-32.4972,151.407,NSW,BEV,3.0,8.0,14.0
6238,6238,2330,13800,Hawkesbury,67605,67862,68156,39681,43,68945,-32.5852204,151.2860306,NSW,BEV,3.0,8.0,14.0
6242,6242,2330,13800,Hawkesbury,67605,67862,68156,39681,43,68945,-32.9163892,150.7281539,NSW,BEV,3.0,8.0,14.0
6246,6246,2330,13800,Hawkesbury,67605,67862,68156,39681,43,68945,-32.7095601,151.0587804,NSW,BEV,3.0,8.0,14.0
6250,6250,2330,13800,Hawkesbury,67605,67862,68156,39681,43,68945,-32.5512224,151.2015019,NSW,BEV,3.0,8.0,14.0
6254,6254,2330,13800,Hawkesbury,67605,67862,68156,39681,43,68945,-32.4467172,151.1461455,NSW,BEV,3.0,8.0,14.0
6258,6258,2330,13800,Hawkesbury,67605,67862,68156,39681,43,68945,-32.5168493,151.2195223,NSW,BEV,3.0,8.0,14.0
6262,6262,2330,13800,Hawkesbury,67605,67862,68156,39681,43,68945,-32.5798277,150.8621745,NSW,BEV,3.0,8.0,14.0
6266,6266,2330,13800,Hawkesbury,67605,67862,68156,39681,43,68945,-32.5552464,151.1709078,NSW,BEV,3.0,8.0,14.0
6270,6270,2330,13800,Hawkesbury,67605,67862,68156,39681,43,68945,-32.5119663,150.8040202,NSW,BEV,3.0,8.0,14.0
6274,6274,2330,13800,Hawkesbury,67605,67862,68156,39681,43,68945,-32.5587094,151.1614394,NSW,BEV,3.0,8.0,14.0
6278,6278,2330,13800,Hawkesbury,67605,67862,68156,39681,43,68945,-32.5511113,151.1854757,NSW,BEV,3.0,8.0,14.0
6282,6282,2330,13800,Hawkesbury,67605,67862,68156,39681,43,68945,-32.5678074,151.2160726,NSW,BEV,3.0,8.0,14.0
6286,6286,2330,13800,Hawkesbury,67605,67862,68156,39681,43,68945,-32.2676455,151.2885817,NSW,BEV,3.0,8.0,14.0
6290,6290,2330,13800,Hawkesbury,67605,67862,68156,39681,43,68945,-32.4806872,151.0912853,NSW,BEV,3.0,8.0,14.0
6294,6294,2330,13800,Hawkesbury,67605,67862,68156,39681,43,68945,-32.6496575,151.0107506,NSW,BEV,3.0,8.0,14.0
6298,6298,2330,13800,Hawkesbury,67605,67862,68156,39681,43,68945,-32.7443485,151.0895496,NSW,BEV,3.0,8.0,14.0
6302,6302,2330,13800,Hawkesbury,67605,67862,68156,39681,43,68945,-32.4630092,151.1899202,NSW,BEV,3.0,8.0,14.0
6306,6306,2330,13800,Hawkesbury,67605,67862,68156,39681,43,68945,-32.2611181,151.1079173,NSW,BEV,3.0,8.0,14.0
6310,6310,2330,13800,Hawkesbury,67605,67862,68156,39681,43,68945,-32.9954705,150.9914701,NSW,BEV,3.0,8.0,14.0
6314,6314,2330,13800,Hawkesbury,67605,67862,68156,39681,43,68945,-32.574235,151.2262729,NSW,BEV,3.0,8.0,14.0
6318,6318,2330,13800,Hawkesbury,67605,67862,68156,39681,43,68945,-32.5057152,150.8692954,NSW,BEV,3.0,8.0,14.0
6954,6954,2159,14000,Hornsby,152263,151771,154072,95107,45,81011,-33.65,151.043,NSW,BEV,3.0,10.0,18.0
6958,6958,2159,14000,Hornsby,152263,151771,154072,95107,45,81011,-33.60259,151.04984,NSW,BEV,3.0,10.0,18.0
6962,6962,2159,14000,Hornsby,152263,151771,154072,95107,45,81011,-33.61547,151.09811,NSW,BEV,3.0,10.0,18.0
6966,6966,2159,14000,Hornsby,152263,151771,154072,95107,45,81011,-33.62429,151.04455,NSW,BEV,3.0,10.0,18.0
6970,6970,2157,14000,Hornsby,152263,151771,154072,95107,45,81011,-33.601,150.976,NSW,BEV,4.0,10.0,15.0
6974,6974,2157,14000,Hornsby,152263,151771,154072,95107,45,81011,-33.60224,151.00247,NSW,BEV,4.0,10.0,15.0
6978,6978,2157,14000,Hornsby,152263,151771,154072,95107,45,81011,-33.55054,151.01974,NSW,BEV,4.0,10.0,15.0
6982,6982,2157,14000,Hornsby,152263,151771,154072,95107,45,81011,-33.50824,151.06178,NSW,BEV,4.0,10.0,15.0
7030,7030,2082,14000,Hornsby,152263,151771,154072,95107,45,81011,-33.602344,151.120659,NSW,BEV,3.0,5.0,17.0
7034,7034,2082,14000,Hornsby,152263,151771,154072,95107,45,81011,-33.61334,151.138,NSW,BEV,3.0,5.0,17.0
7038,7038,2082,14000,Hornsby,152263,151771,154072,95107,45,81011,-33.5293,151.139,NSW,BEV,3.0,5.0,17.0
7042,7042,2081,14000,Hornsby,152263,151771,154072,95107,45,81011,-33.5879078,151.16854,NSW,BEV,4.0,5.0,15.0
7046,7046,2081,14000,Hornsby,152263,151771,154072,95107,45,81011,-33.6279738,151.1480265,NSW,BEV,4.0,5.0,15.0
7138,7138,2133,14170,Inner West,183839,183153,188325,117218,40,96988,-33.89059,151.09246,NSW,BEV,3.0,7.0,15.0
7142,7142,2133,14170,Inner West,183839,183153,188325,117218,40,96988,-33.8967345,151.1082813,NSW,BEV,3.0,7.0,15.0
9564,9564,2334,15050,Maitland,90612,93614,95957,49720,40,67483,-32.6875639,151.38519,NSW,Hybrid/PHEV,11.0,16.0,20.0
9570,9570,2326,15050,Maitland,90612,93614,95957,49720,40,67483,-32.815,151.451111,NSW,BEV,3.0,6.0,5.0
9574,9574,2326,15050,Maitland,90612,93614,95957,49720,40,67483,-32.7670759,151.4552213,NSW,BEV,3.0,6.0,5.0
9578,9578,2326,15050,Maitland,90612,93614,95957,49720,40,67483,-32.8172136,151.4172839,NSW,BEV,3.0,6.0,5.0
9582,9582,2326,15050,Maitland,90612,93614,95957,49720,40,67483,-32.7898364,151.4844099,NSW,BEV,3.0,6.0,5.0
9586,9586,2326,15050,Maitland,90612,93614,95957,49720,40,67483,-32.7455086,151.4727339,NSW,BEV,3.0,6.0,5.0
9590,9590,2326,15050,Maitland,90612,93614,95957,49720,40,67483,-32.816667,151.433333,NSW,BEV,3.0,6.0,5.0
10704,10704,2336,15650,Muswellbrook,16469,16540,16778,8556,41,70751,-32.0900926,151.0991807,NSW,Hybrid/PHEV,7.0,16.0,18.0
10708,10708,2336,15650,Muswellbrook,16469,16540,16778,8556,41,70751,-31.9664525,150.769764,NSW,Hybrid/PHEV,7.0,16.0,18.0
10712,10712,2336,15650,Muswellbrook,16469,16540,16778,8556,41,70751,-32.1439536,151.0728312,NSW,Hybrid/PHEV,7.0,16.0,18.0
10716,10716,2336,15650,Muswellbrook,16469,16540,16778,8556,41,70751,-32.1251579,151.1496954,NSW,Hybrid/PHEV,7.0,16.0,18.0
10720,10720,2336,15650,Muswellbrook,16469,16540,16778,8556,41,70751,-32.1416751,150.7828221,NSW,Hybrid/PHEV,7.0,16.0,18.0
10724,10724,2336,15650,Muswellbrook,16469,16540,16778,8556,41,70751,-32.1858922,151.2470398,NSW,Hybrid/PHEV,7.0,16.0,18.0
10728,10728,2336,15650,Muswellbrook,16469,16540,16778,8556,41,70751,-32.1538105,150.8282289,NSW,Hybrid/PHEV,7.0,16.0,18.0
10732,10732,2336,15650,Muswellbrook,16469,16540,16778,8556,41,70751,-32.16773,150.8732936,NSW,Hybrid/PHEV,7.0,16.0,18.0
10736,10736,2328,15650,Muswellbrook,16469,16540,16778,8556,41,70751,-32.3995196,150.576989,NSW,Hybrid/PHEV,9.0,13.0,22.0
10740,10740,2328,15650,Muswellbrook,16469,16540,16778,8556,41,70751,-32.403494,150.394639,NSW,Hybrid/PHEV,9.0,13.0,22.0
10744,10744,2328,15650,Muswellbrook,16469,16540,16778,8556,41,70751,-32.4660968,150.6809108,NSW,Hybrid/PHEV,9.0,13.0,22.0
10748,10748,2328,15650,Muswellbrook,16469,16540,16778,8556,41,70751,-32.2939055,150.774852,NSW,Hybrid/PHEV,9.0,13.0,22.0
10752,10752,2328,15650,Muswellbrook,16469,16540,16778,8556,41,70751,-32.4884282,150.2771233,NSW,Hybrid/PHEV,9.0,13.0,22.0
10756,10756,2328,15650,Muswellbrook,16469,16540,16778,8556,41,70751,-32.3375865,150.6401198,NSW,Hybrid/PHEV,9.0,13.0,22.0
10760,10760,2328,15650,Muswellbrook,16469,16540,16778,8556,41,70751,-32.2334765,150.51896,NSW,Hybrid/PHEV,9.0,13.0,22.0
10764,10764,2328,15650,Muswellbrook,16469,16540,16778,8556,41,70751,-32.383333,150.683333,NSW,Hybrid/PHEV,9.0,13.0,22.0
10768,10768,2328,15650,Muswellbrook,16469,16540,16778,8556,41,70751,-32.430699,150.7037637,NSW,Hybrid/PHEV,9.0,13.0,22.0
10772,10772,2328,15650,Muswellbrook,16469,16540,16778,8556,41,70751,-32.461069,150.7210731,NSW,Hybrid/PHEV,9.0,13.0,22.0
11172,11172,2308,15900,Newcastle,169433,171535,174294,97850,40,73037,-32.8927718,151.7041775,NSW,Hybrid/PHEV,3.0,4.0,11.0
11174,11174,2308,15900,Newcastle,169433,171535,174294,97850,40,73037,-32.8927718,151.7041775,NSW,BEV,3.0,3.0,3.0
11176,11176,2308,15900,Newcastle,169433,171535,174294,97850,40,73037,-32.8930342,151.7034879,NSW,Hybrid/PHEV,3.0,4.0,11.0
11178,11178,2308,15900,Newcastle,169433,171535,174294,97850,40,73037,-32.8930342,151.7034879,NSW,BEV,3.0,3.0,3.0
11218,11218,2303,15900,Newcastle,169433,171535,174294,97850,40,73037,-32.931,151.751,NSW,BEV,8.0,13.0,19.0
11222,11222,2303,15900,Newcastle,169433,171535,174294,97850,40,73037,-32.925,151.754,NSW,BEV,8.0,13.0,19.0
11226,11226,2303,15900,Newcastle,169433,171535,174294,97850,40,73037,-32.9222,151.748,NSW,BEV,8.0,13.0,19.0
11230,11230,2303,15900,Newcastle,169433,171535,174294,97850,40,73037,-32.9228628,151.7458759,NSW,BEV,8.0,13.0,19.0
11284,11284,2297,15900,Newcastle,169433,171535,174294,97850,40,73037,-32.9050024,151.7575709,NSW,Hybrid/PHEV,22.0,19.0,17.0
11288,11288,2296,15900,Newcastle,169433,171535,174294,97850,40,73037,-32.9125002,151.7458759,NSW,Hybrid/PHEV,12.0,14.0,21.0
11770,11770,2798,16150,Orange,43750,43964,44244,24030,41,69391,-33.5015448,149.1178094,NSW,BEV,3.0,3.0,6.0
11774,11774,2798,16150,Orange,43750,43964,44244,24030,41,69391,-33.4002537,149.092696,NSW,BEV,3.0,3.0,6.0
11778,11778,2798,16150,Orange,43750,43964,44244,24030,41,69391,-33.45,149.183333,NSW,BEV,3.0,3.0,6.0
11782,11782,2798,16150,Orange,43750,43964,44244,24030,41,69391,-33.4139754,149.2513551,NSW,BEV,3.0,3.0,6.0
11786,11786,2798,16150,Orange,43750,43964,44244,24030,41,69391,-33.4750068,149.0697397,NSW,BEV,3.0,3.0,6.0
11790,11790,2798,16150,Orange,43750,43964,44244,24030,41,69391,-33.4852135,149.0347144,NSW,BEV,3.0,3.0,6.0
11794,11794,2798,16150,Orange,43750,43964,44244,24030,41,69391,-33.3580289,149.2567431,NSW,BEV,3.0,3.0,6.0
11798,11798,2798,16150,Orange,43750,43964,44244,24030,41,69391,-33.5096,149.099,NSW,BEV,3.0,3.0,6.0
11942,11942,2128,16260,Parramatta,258527,260472,269145,154980,38,69158,-33.8343506,151.0442244,NSW,BEV,5.0,11.0,14.0
14028,14028,2849,17000,Singleton,24725,25093,25332,13814,42,74491,-33.1134503,150.5084736,NSW,Hybrid/PHEV,5.0,11.0,13.0
14032,14032,2849,17000,Singleton,24725,25093,25332,13814,42,74491,-32.9648282,150.2497955,NSW,Hybrid/PHEV,5.0,11.0,13.0
14036,14036,2849,17000,Singleton,24725,25093,25332,13814,42,74491,-32.6473535,150.0232492,NSW,Hybrid/PHEV,5.0,11.0,13.0
14040,14040,2849,17000,Singleton,24725,25093,25332,13814,42,74491,-32.4402943,150.1405378,NSW,Hybrid/PHEV,5.0,11.0,13.0
14044,14044,2849,17000,Singleton,24725,25093,25332,13814,42,74491,-32.797121,149.9692936,NSW,Hybrid/PHEV,5.0,11.0,13.0
14048,14048,2849,17000,Singleton,24725,25093,25332,13814,42,74491,-32.7109779,150.0247329,NSW,Hybrid/PHEV,5.0,11.0,13.0
14052,14052,2849,17000,Singleton,24725,25093,25332,13814,42,74491,-32.6408717,149.9071195,NSW,Hybrid/PHEV,5.0,11.0,13.0
14056,14056,2849,17000,Singleton,24725,25093,25332,13814,42,74491,-32.7706086,149.9131641,NSW,Hybrid/PHEV,5.0,11.0,13.0
14060,14060,2849,17000,Singleton,24725,25093,25332,13814,42,74491,-32.8177431,150.1803237,NSW,Hybrid/PHEV,5.0,11.0,13.0
14064,14064,2849,17000,Singleton,24725,25093,25332,13814,42,74491,-32.738208,150.2262725,NSW,Hybrid/PHEV,5.0,11.0,13.0
14068,14068,2849,17000,Singleton,24725,25093,25332,13814,42,74491,-32.4020941,150.2373097,NSW,Hybrid/PHEV,5.0,11.0,13.0
14072,14072,2849,17000,Singleton,24725,25093,25332,13814,42,74491,-32.9560031,150.0627503,NSW,Hybrid/PHEV,5.0,11.0,13.0
14076,14076,2849,17000,Singleton,24725,25093,25332,13814,42,74491,-32.5076028,150.1246267,NSW,Hybrid/PHEV,5.0,11.0,13.0
14080,14080,2849,17000,Singleton,24725,25093,25332,13814,42,74491,-32.8697162,150.2787523,NSW,Hybrid/PHEV,5.0,11.0,13.0
14084,14084,2849,17000,Singleton,24725,25093,25332,13814,42,74491,-32.6254555,150.058832,NSW,Hybrid/PHEV,5.0,11.0,13.0
14088,14088,2849,17000,Singleton,24725,25093,25332,13814,42,74491,-33.0323072,150.1893053,NSW,Hybrid/PHEV,5.0,11.0,13.0
14092,14092,2849,17000,Singleton,24725,25093,25332,13814,42,74491,-32.5919069,150.038528,NSW,Hybrid/PHEV,5.0,11.0,13.0
14096,14096,2849,17000,Singleton,24725,25093,25332,13814,42,74491,-32.9402413,150.1557274,NSW,Hybrid/PHEV,5.0,11.0,13.0
14100,14100,2849,17000,Singleton,24725,25093,25332,13814,42,74491,-32.7767208,149.8672331,NSW,Hybrid/PHEV,5.0,11.0,13.0
14104,14104,2849,17000,Singleton,24725,25093,25332,13814,42,74491,-32.8378567,150.0281146,NSW,Hybrid/PHEV,5.0,11.0,13.0
14108,14108,2849,17000,Singleton,24725,25093,25332,13814,42,74491,-32.7465886,150.0488995,NSW,Hybrid/PHEV,5.0,11.0,13.0
14112,14112,2849,17000,Singleton,24725,25093,25332,13814,42,74491,-32.7566776,150.082797,NSW,Hybrid/PHEV,5.0,11.0,13.0
14116,14116,2849,17000,Singleton,24725,25093,25332,13814,42,74491,-32.3609231,150.1001691,NSW,Hybrid/PHEV,5.0,11.0,13.0
14120,14120,2849,17000,Singleton,24725,25093,25332,13814,42,74491,-32.8379142,149.9222202,NSW,Hybrid/PHEV,5.0,11.0,13.0
14124,14124,2849,17000,Singleton,24725,25093,25332,13814,42,74491,-32.708011,149.953842,NSW,Hybrid/PHEV,5.0,11.0,13.0
14128,14128,2849,17000,Singleton,24725,25093,25332,13814,42,74491,-32.416667,150.116667,NSW,Hybrid/PHEV,5.0,11.0,13.0
14132,14132,2849,17000,Singleton,24725,25093,25332,13814,42,74491,-32.5070017,150.0877489,NSW,Hybrid/PHEV,5.0,11.0,13.0
14136,14136,2849,17000,Singleton,24725,25093,25332,13814,42,74491,-32.6723003,149.9974041,NSW,Hybrid/PHEV,5.0,11.0,13.0
14140,14140,2849,17000,Singleton,24725,25093,25332,13814,42,74491,-32.9787903,150.1074911,NSW,Hybrid/PHEV,5.0,11.0,13.0
14203,14203,2331,17000,Singleton,24725,25093,25332,13814,42,74491,-32.6279,151.174,NSW,ICE,10.0,14.0,13.0
14207,14207,2331,17000,Singleton,24725,25093,25332,13814,42,74491,-32.7441932,151.1591424,NSW,ICE,10.0,14.0,13.0
14830,14830,2191,17100,Strathfield,45963,46250,47824,29747,35,75180,-33.9061117,151.0849848,NSW,BEV,3.0,3.0,5.0
17202,17202,2578,18350,Wingecarribee,52489,52795,53109,30872,49,71573,-34.6559402,150.2921468,NSW,BEV,3.0,4.0,16.0
17314,17314,2571,18350,Wingecarribee,52489,52795,53109,30872,49,71573,-34.233333,150.7,NSW,BEV,6.0,9.0,21.0
17318,17318,2571,18350,Wingecarribee,52489,52795,53109,30872,49,71573,-34.1462868,150.6633499,NSW,BEV,6.0,9.0,21.0
17322,17322,2571,18350,Wingecarribee,52489,52795,53109,30872,49,71573,-34.183333,150.6,NSW,BEV,6.0,9.0,21.0
17326,17326,2571,18350,Wingecarribee,52489,52795,53109,30872,49,71573,-34.1529944,150.5530492,NSW,BEV,6.0,9.0,21.0
17330,17330,2571,18350,Wingecarribee,52489,52795,53109,30872,49,71573,-34.198611,150.634722,NSW,BEV,6.0,9.0,21.0
17334,17334,2571,18350,Wingecarribee,52489,52795,53109,30872,49,71573,-34.233333,150.55,NSW,BEV,6.0,9.0,21.0
17338,17338,2571,18350,Wingecarribee,52489,52795,53109,30872,49,71573,-34.2565758,150.5334838,NSW,BEV,6.0,9.0,21.0
17342,17342,2571,18350,Wingecarribee,52489,52795,53109,30872,49,71573,-34.3153,150.518,NSW,BEV,6.0,9.0,21.0
17346,17346,2571,18350,Wingecarribee,52489,52795,53109,30872,49,71573,-34.315278,150.517778,NSW,BEV,6.0,9.0,21.0
17480,17480,2569,18400,Wollondilly,54196,55801,57616,30985,42,71069,-34.1924773,150.7040079,NSW,Hybrid/PHEV,9.0,9.0,12.0
17484,17484,2568,18400,Wollondilly,54196,55801,57616,30985,42,71069,-34.1380681,150.7098171,NSW,Hybrid/PHEV,9.0,11.0,13.0
17486,17486,2568,18400,Wollondilly,54196,55801,57616,30985,42,71069,-34.1380681,150.7098171,NSW,BEV,3.0,3.0,3.0
17896,17896,2584,18710,Yass Valley,17240,17379,17477,10653,47,78092,-34.727,148.659,NSW,Hybrid/PHEV,3.0,6.0,9.0
17900,17900,2584,18710,Yass Valley,17240,17379,17477,10653,47,78092,-34.6796688,148.6687118,NSW,Hybrid/PHEV,3.0,6.0,9.0
18638,18638,3094,20660,Banyule,127370,127427,129602,76421,44,78133,-37.7196403,145.1237889,VIC,BEV,7.0,10.0,21.0
18642,18642,3093,20660,Banyule,127370,127427,129602,76421,44,78133,-37.7393287,145.112755,VIC,BEV,9.0,12.0,20.0
24210,24210,3764,24130,Macedon Ranges,51599,52202,52920,30286,47,75978,-37.25543,144.8717467,VIC,BEV,4.0,6.0,13.0
24214,24214,3764,24130,Macedon Ranges,51599,52202,52920,30286,47,75978,-37.2372199,144.8250025,VIC,BEV,4.0,6.0,13.0
24218,24218,3764,24130,Macedon Ranges,51599,52202,52920,30286,47,75978,-37.2360979,144.9501708,VIC,BEV,4.0,6.0,13.0
24222,24222,3764,24130,Macedon Ranges,51599,52202,52920,30286,47,75978,-37.2930364,144.9811479,VIC,BEV,4.0,6.0,13.0
24226,24226,3764,24130,Macedon Ranges,51599,52202,52920,30286,47,75978,-37.3016566,144.9497232,VIC,BEV,4.0,6.0,13.0
24230,24230,3764,24130,Macedon Ranges,51599,52202,52920,30286,47,75978,-37.1932159,144.8937671,VIC,BEV,4.0,6.0,13.0
24234,24234,3764,24130,Macedon Ranges,51599,52202,52920,30286,47,75978,-37.0580067,144.9618719,VIC,BEV,4.0,6.0,13.0
24238,24238,3764,24130,Macedon Ranges,51599,52202,52920,30286,47,75978,-37.3078202,144.8841246,VIC,BEV,4.0,6.0,13.0
24270,24270,3461,24130,Macedon Ranges,51599,52202,52920,30286,47,75978,-37.2156138,144.0575587,VIC,BEV,10.0,14.0,20.0
24274,24274,3461,24130,Macedon Ranges,51599,52202,52920,30286,47,75978,-37.2,144.1,VIC,BEV,10.0,14.0,20.0
24278,24278,3461,24130,Macedon Ranges,51599,52202,52920,30286,47,75978,-37.3274143,144.2217727,VIC,BEV,10.0,14.0,20.0
24282,24282,3461,24130,Macedon Ranges,51599,52202,52920,30286,47,75978,-37.1428024,144.0902405,VIC,BEV,10.0,14.0,20.0
24286,24286,3461,24130,Macedon Ranges,51599,52202,52920,30286,47,75978,-37.4775151,144.153047,VIC,BEV,10.0,14.0,20.0
24290,24290,3461,24130,Macedon Ranges,51599,52202,52920,30286,47,75978,-37.2750015,144.1222545,VIC,BEV,10.0,14.0,20.0
24294,24294,3461,24130,Macedon Ranges,51599,52202,52920,30286,47,75978,-37.3585315,144.125661,VIC,BEV,10.0,14.0,20.0
24298,24298,3461,24130,Macedon Ranges,51599,52202,52920,30286,47,75978,-37.3912224,144.120451,VIC,BEV,10.0,14.0,20.0
24302,24302,3461,24130,Macedon Ranges,51599,52202,52920,30286,47,75978,-37.2950055,144.1931402,VIC,BEV,10.0,14.0,20.0
24306,24306,3461,24130,Macedon Ranges,51599,52202,52920,30286,47,75978,-37.3823929,144.1338372,VIC,BEV,10.0,14.0,20.0
24310,24310,3461,24130,Macedon Ranges,51599,52202,52920,30286,47,75978,-37.372,144.193,VIC,BEV,10.0,14.0,20.0
24314,24314,3461,24130,Macedon Ranges,51599,52202,52920,30286,47,75978,-37.2707306,144.1663956,VIC,BEV,10.0,14.0,20.0
24318,24318,3461,24130,Macedon Ranges,51599,52202,52920,30286,47,75978,-37.3918627,144.2628847,VIC,BEV,10.0,14.0,20.0
24322,24322,3461,24130,Macedon Ranges,51599,52202,52920,30286,47,75978,-37.4203807,144.1203075,VIC,BEV,10.0,14.0,20.0
24326,24326,3461,24130,Macedon Ranges,51599,52202,52920,30286,47,75978,-37.4491886,144.1382841,VIC,BEV,10.0,14.0,20.0
24330,24330,3461,24130,Macedon Ranges,51599,52202,52920,30286,47,75978,-37.3147502,144.1474662,VIC,BEV,10.0,14.0,20.0
24334,24334,3461,24130,Macedon Ranges,51599,52202,52920,30286,47,75978,-37.3118233,144.125661,VIC,BEV,10.0,14.0,20.0
24338,24338,3461,24130,Macedon Ranges,51599,52202,52920,30286,47,75978,-37.25,144.25,VIC,BEV,10.0,14.0,20.0
24342,24342,3461,24130,Macedon Ranges,51599,52202,52920,30286,47,75978,-37.238838,144.0922835,VIC,BEV,10.0,14.0,20.0
24346,24346,3461,24130,Macedon Ranges,51599,52202,52920,30286,47,75978,-37.2950318,144.1311117,VIC,BEV,10.0,14.0,20.0
24350,24350,3461,24130,Macedon Ranges,51599,52202,52920,30286,47,75978,-37.3562379,144.0773023,VIC,BEV,10.0,14.0,20.0
24354,24354,3461,24130,Macedon Ranges,51599,52202,52920,30286,47,75978,-37.2965675,144.1556446,VIC,BEV,10.0,14.0,20.0
24358,24358,3461,24130,Macedon Ranges,51599,52202,52920,30286,47,75978,-37.238144,144.3091473,VIC,BEV,10.0,14.0,20.0
24362,24362,3461,24130,Macedon Ranges,51599,52202,52920,30286,47,75978,-37.285937,144.2866151,VIC,BEV,10.0,14.0,20.0
24366,24366,3461,24130,Macedon Ranges,51599,52202,52920,30286,47,75978,-37.3318362,144.1965497,VIC,BEV,10.0,14.0,20.0
24370,24370,3461,24130,Macedon Ranges,51599,52202,52920,30286,47,75978,-37.1708854,144.0902405,VIC,BEV,10.0,14.0,20.0
24374,24374,3461,24130,Macedon Ranges,51599,52202,52920,30286,47,75978,-37.4233362,144.2187155,VIC,BEV,10.0,14.0,20.0
24378,24378,3461,24130,Macedon Ranges,51599,52202,52920,30286,47,75978,-37.3990211,144.2125766,VIC,BEV,10.0,14.0,20.0
24382,24382,3458,24130,Macedon Ranges,51599,52202,52920,30286,47,75978,-37.4051772,144.4013907,VIC,BEV,5.0,7.0,12.0
24386,24386,3458,24130,Macedon Ranges,51599,52202,52920,30286,47,75978,-37.383333,144.316667,VIC,BEV,5.0,7.0,12.0
24390,24390,3458,24130,Macedon Ranges,51599,52202,52920,30286,47,75978,-37.416667,144.366667,VIC,BEV,5.0,7.0,12.0
24394,24394,3458,24130,Macedon Ranges,51599,52202,52920,30286,47,75978,-37.4262018,144.2866151,VIC,BEV,5.0,7.0,12.0
24398,24398,3458,24130,Macedon Ranges,51599,52202,52920,30286,47,75978,-37.3673463,144.2920769,VIC,BEV,5.0,7.0,12.0
24402,24402,3458,24130,Macedon Ranges,51599,52202,52920,30286,47,75978,-37.4378983,144.2813213,VIC,BEV,5.0,7.0,12.0
24406,24406,3458,24130,Macedon Ranges,51599,52202,52920,30286,47,75978,-37.3753075,144.4232713,VIC,BEV,5.0,7.0,12.0
24410,24410,3458,24130,Macedon Ranges,51599,52202,52920,30286,47,75978,-37.4834268,144.3026601,VIC,BEV,5.0,7.0,12.0
24414,24414,3458,24130,Macedon Ranges,51599,52202,52920,30286,47,75978,-37.4562523,144.3193914,VIC,BEV,5.0,7.0,12.0
24416,24416,3441,24130,Macedon Ranges,51599,52202,52920,30286,47,75978,-37.3981393,144.5985292,VIC,Hybrid/PHEV,11.0,16.0,15.0
24418,24418,3441,24130,Macedon Ranges,51599,52202,52920,30286,47,75978,-37.3981393,144.5985292,VIC,BEV,4.0,7.0,14.0
24424,24424,3438,24130,Macedon Ranges,51599,52202,52920,30286,47,75978,-37.4618532,144.620463,VIC,Hybrid/PHEV,9.0,11.0,19.0
24426,24426,3438,24130,Macedon Ranges,51599,52202,52920,30286,47,75978,-37.4618532,144.620463,VIC,BEV,3.0,3.0,3.0
24786,24786,3019,24330,Maribyrnong,86385,87605,91762,54008,37,71726,-37.793488,144.860535,VIC,BEV,3.0,4.0,16.0
24790,24790,3019,24330,Maribyrnong,86385,87605,91762,54008,37,71726,-37.7903679,144.8566207,VIC,BEV,3.0,4.0,16.0
24794,24794,3019,24330,Maribyrnong,86385,87605,91762,54008,37,71726,-37.7903679,144.8566207,VIC,BEV,3.0,4.0,16.0
24898,24898,3053,24600,Melbourne,153110,160328,177396,97293,32,75301,-37.804246,144.9660172,VIC,BEV,6.0,11.0,22.0
24902,24902,3053,24600,Melbourne,153110,160328,177396,97293,32,75301,-37.798389,144.9694441,VIC,BEV,6.0,11.0,22.0
26036,26036,3944,25340,Mornington Peninsula,170440,169733,170243,96998,48,70148,-38.32,144.713,VIC,Hybrid/PHEV,4.0,9.0,12.0
26038,26038,3944,25340,Mornington Peninsula,170440,169733,170243,96998,48,70148,-38.32,144.713,VIC,BEV,5.0,10.0,17.0
26062,26062,3940,25340,Mornington Peninsula,170440,169733,170243,96998,48,70148,-38.3745,144.879,VIC,BEV,3.0,3.0,4.0
26066,26066,3940,25340,Mornington Peninsula,170440,169733,170243,96998,48,70148,-38.3745,144.879,VIC,BEV,3.0,3.0,4.0
26090,26090,3938,25340,Mornington Peninsula,170440,169733,170243,96998,48,70148,-38.3562816,144.9336544,VIC,BEV,3.0,9.0,15.0
26092,26092,3937,25340,Mornington Peninsula,170440,169733,170243,96998,48,70148,-38.384,145.024,VIC,Hybrid/PHEV,17.0,21.0,21.0
26096,26096,3937,25340,Mornington Peninsula,170440,169733,170243,96998,48,70148,-38.355,145.016,VIC,Hybrid/PHEV,17.0,21.0,21.0
26116,26116,3933,25340,Mornington Peninsula,170440,169733,170243,96998,48,70148,-38.2501593,145.1265477,VIC,Hybrid/PHEV,5.0,6.0,7.0
26118,26118,3933,25340,Mornington Peninsula,170440,169733,170243,96998,48,70148,-38.2501593,145.1265477,VIC,BEV,3.0,3.0,4.0
26132,26132,3929,25340,Mornington Peninsula,170440,169733,170243,96998,48,70148,-38.4574538,144.9721978,VIC,Hybrid/PHEV,15.0,16.0,16.0
26136,26136,3928,25340,Mornington Peninsula,170440,169733,170243,96998,48,70148,-38.4018779,144.9721978,VIC,Hybrid/PHEV,5.0,4.0,5.0
26138,26138,3928,25340,Mornington Peninsula,170440,169733,170243,96998,48,70148,-38.4018779,144.9721978,VIC,BEV,3.0,5.0,9.0
26142,26142,3927,25340,Mornington Peninsula,170440,169733,170243,96998,48,70148,-38.3793743,145.165179,VIC,BEV,7.0,10.0,15.0
26146,26146,3926,25340,Mornington Peninsula,170440,169733,170243,96998,48,70148,-38.354,145.075,VIC,BEV,5.0,11.0,19.0
26150,26150,3926,25340,Mornington Peninsula,170440,169733,170243,96998,48,70148,-38.398,145.106,VIC,BEV,5.0,11.0,19.0
26154,26154,3926,25340,Mornington Peninsula,170440,169733,170243,96998,48,70148,-38.3889938,145.1182718,VIC,BEV,5.0,11.0,19.0
26158,26158,3926,25340,Mornington Peninsula,170440,169733,170243,96998,48,70148,-38.371,145.118,VIC,BEV,5.0,11.0,19.0
26170,26170,3919,25340,Mornington Peninsula,170440,169733,170243,96998,48,70148,-38.3534427,145.1983055,VIC,BEV,3.0,3.0,4.0
26176,26176,3916,25340,Mornington Peninsula,170440,169733,170243,96998,48,70148,-38.427,145.05,VIC,Hybrid/PHEV,9.0,15.0,17.0
26178,26178,3916,25340,Mornington Peninsula,170440,169733,170243,96998,48,70148,-38.427,145.05,VIC,BEV,6.0,12.0,19.0
26180,26180,3916,25340,Mornington Peninsula,170440,169733,170243,96998,48,70148,-38.421,145.075,VIC,Hybrid/PHEV,9.0,15.0,17.0
26182,26182,3916,25340,Mornington Peninsula,170440,169733,170243,96998,48,70148,-38.421,145.075,VIC,BEV,6.0,12.0,19.0
26184,26184,3916,25340,Mornington Peninsula,170440,169733,170243,96998,48,70148,-38.39,145.089,VIC,Hybrid/PHEV,9.0,15.0,17.0
26186,26186,3916,25340,Mornington Peninsula,170440,169733,170243,96998,48,70148,-38.39,145.089,VIC,BEV,6.0,12.0,19.0
26190,26190,3915,25340,Mornington Peninsula,170440,169733,170243,96998,48,70148,-38.3,145.105,VIC,BEV,4.0,4.0,12.0
26194,26194,3915,25340,Mornington Peninsula,170440,169733,170243,96998,48,70148,-38.306,145.189,VIC,BEV,4.0,4.0,12.0
27450,27450,3775,25710,Nillumbik,63450,63066,63264,40288,47,79673,-37.648889,145.371944,VIC,BEV,3.0,7.0,15.0
27454,27454,3775,25710,Nillumbik,63450,63066,63264,40288,47,79673,-37.6469756,145.4363814,VIC,BEV,3.0,7.0,15.0
27458,27458,3775,25710,Nillumbik,63450,63066,63264,40288,47,79673,-37.594,145.374,VIC,BEV,3.0,7.0,15.0
27462,27462,3775,25710,Nillumbik,63450,63066,63264,40288,47,79673,-37.6,145.416667,VIC,BEV,3.0,7.0,15.0
27466,27466,3775,25710,Nillumbik,63450,63066,63264,40288,47,79673,-37.6515,145.3173,VIC,BEV,3.0,7.0,15.0
27468,27468,3763,25710,Nillumbik,63450,63066,63264,40288,47,79673,-37.5550514,145.3760672,VIC,Hybrid/PHEV,4.0,5.0,8.0
27470,27470,3763,25710,Nillumbik,63450,63066,63264,40288,47,79673,-37.5550514,145.3760672,VIC,BEV,3.0,3.0,5.0
27472,27472,3763,25710,Nillumbik,63450,63066,63264,40288,47,79673,-37.518382,145.3591263,VIC,Hybrid/PHEV,4.0,5.0,8.0
27474,27474,3763,25710,Nillumbik,63450,63066,63264,40288,47,79673,-37.518382,145.3591263,VIC,BEV,3.0,3.0,5.0
27476,27476,3761,25710,Nillumbik,63450,63066,63264,40288,47,79673,-37.592,145.281,VIC,Hybrid/PHEV,11.0,12.0,14.0
27480,27480,3760,25710,Nillumbik,63450,63066,63264,40288,47,79673,-37.6267001,145.2867055,VIC,Hybrid/PHEV,4.0,4.0,6.0
27484,27484,3760,25710,Nillumbik,63450,63066,63264,40288,47,79673,-37.6267001,145.2867055,VIC,Hybrid/PHEV,4.0,4.0,6.0
27488,27488,3759,25710,Nillumbik,63450,63066,63264,40288,47,79673,-37.6400391,145.2424941,VIC,Hybrid/PHEV,11.0,12.0,12.0
27542,27542,3099,25710,Nillumbik,63450,63066,63264,40288,47,79673,-37.55,145.266667,VIC,BEV,3.0,8.0,19.0
27546,27546,3099,25710,Nillumbik,63450,63066,63264,40288,47,79673,-37.603,145.181,VIC,BEV,3.0,8.0,19.0
27550,27550,3099,25710,Nillumbik,63450,63066,63264,40288,47,79673,-37.638889,145.195,VIC,BEV,3.0,8.0,19.0
27554,27554,3099,25710,Nillumbik,63450,63066,63264,40288,47,79673,-37.622,145.219,VIC,BEV,3.0,8.0,19.0
27558,27558,3099,25710,Nillumbik,63450,63066,63264,40288,47,79673,-37.583333,145.2,VIC,BEV,3.0,8.0,19.0
27560,27560,3097,25710,Nillumbik,63450,63066,63264,40288,47,79673,-37.67,145.258,VIC,Hybrid/PHEV,16.0,16.0,17.0
27562,27562,3097,25710,Nillumbik,63450,63066,63264,40288,47,79673,-37.67,145.258,VIC,BEV,3.0,3.0,8.0
27564,27564,3097,25710,Nillumbik,63450,63066,63264,40288,47,79673,-37.686,145.216,VIC,Hybrid/PHEV,16.0,16.0,17.0
27566,27566,3097,25710,Nillumbik,63450,63066,63264,40288,47,79673,-37.686,145.216,VIC,BEV,3.0,3.0,8.0
27568,27568,3097,25710,Nillumbik,63450,63066,63264,40288,47,79673,-37.6980733,145.2756505,VIC,Hybrid/PHEV,16.0,16.0,17.0
27570,27570,3097,25710,Nillumbik,63450,63066,63264,40288,47,79673,-37.6980733,145.2756505,VIC,BEV,3.0,3.0,8.0
27572,27572,3096,25710,Nillumbik,63450,63066,63264,40288,47,79673,-37.6683887,145.1872619,VIC,Hybrid/PHEV,11.0,12.0,14.0
27576,27576,3091,25710,Nillumbik,63450,63066,63264,40288,47,79673,-37.6404295,145.1320653,VIC,Hybrid/PHEV,11.0,15.0,17.0
27578,27578,3091,25710,Nillumbik,63450,63066,63264,40288,47,79673,-37.6404295,145.1320653,VIC,BEV,4.0,9.0,8.0
27580,27580,3090,25710,Nillumbik,63450,63066,63264,40288,47,79673,-37.670486,145.1099967,VIC,Hybrid/PHEV,15.0,19.0,21.0
27582,27582,3090,25710,Nillumbik,63450,63066,63264,40288,47,79673,-37.670486,145.1099967,VIC,BEV,3.0,3.0,6.0
28736,28736,3242,26490,Surf Coast,37648,38672,39292,22863,46,74176,-38.3300725,143.8128803,VIC,Hybrid/PHEV,4.0,5.0,6.0
28740,28740,3240,26490,Surf Coast,37648,38672,39292,22863,46,74176,-38.298889,144.183889,VIC,Hybrid/PHEV,8.0,13.0,18.0
28744,28744,3240,26490,Surf Coast,37648,38672,39292,22863,46,74176,-38.2201027,144.191706,VIC,Hybrid/PHEV,8.0,13.0,18.0
28748,28748,3240,26490,Surf Coast,37648,38672,39292,22863,46,74176,-38.233333,144.166667,VIC,Hybrid/PHEV,8.0,13.0,18.0
28752,28752,3240,26490,Surf Coast,37648,38672,39292,22863,46,74176,-38.266111,144.121944,VIC,Hybrid/PHEV,8.0,13.0,18.0
28756,28756,3240,26490,Surf Coast,37648,38672,39292,22863,46,74176,-38.303611,144.090556,VIC,Hybrid/PHEV,8.0,13.0,18.0
28760,28760,3240,26490,Surf Coast,37648,38672,39292,22863,46,74176,-38.2444345,144.0895595,VIC,Hybrid/PHEV,8.0,13.0,18.0
28764,28764,3232,26490,Surf Coast,37648,38672,39292,22863,46,74176,-38.528668,143.9324048,VIC,Hybrid/PHEV,5.0,11.0,17.0
28766,28766,3232,26490,Surf Coast,37648,38672,39292,22863,46,74176,-38.528668,143.9324048,VIC,BEV,5.0,10.0,10.0
28768,28768,3232,26490,Surf Coast,37648,38672,39292,22863,46,74176,-38.4803,144.005,VIC,Hybrid/PHEV,5.0,11.0,17.0
28770,28770,3232,26490,Surf Coast,37648,38672,39292,22863,46,74176,-38.4803,144.005,VIC,BEV,5.0,10.0,10.0
28772,28772,3231,26490,Surf Coast,37648,38672,39292,22863,46,74176,-38.456111,144.066944,VIC,Hybrid/PHEV,9.0,18.0,21.0
28776,28776,3231,26490,Surf Coast,37648,38672,39292,22863,46,74176,-38.456111,144.085833,VIC,Hybrid/PHEV,9.0,18.0,21.0
28780,28780,3231,26490,Surf Coast,37648,38672,39292,22863,46,74176,-38.478048,144.0288116,VIC,Hybrid/PHEV,9.0,18.0,21.0
28784,28784,3231,26490,Surf Coast,37648,38672,39292,22863,46,74176,-38.480278,144.005,VIC,Hybrid/PHEV,9.0,18.0,21.0
28788,28788,3231,26490,Surf Coast,37648,38672,39292,22863,46,74176,-38.461511,144.1057661,VIC,Hybrid/PHEV,9.0,18.0,21.0
31408,31408,4730,30450,Barcoo,312,315,317,177,42,74589,-23.5316102,143.2031383,QLD,Hybrid/PHEV,4.0,9.0,19.0
31412,31412,4730,30450,Barcoo,312,315,317,177,42,74589,-23.9441191,143.6648272,QLD,Hybrid/PHEV,4.0,9.0,19.0
31416,31416,4730,30450,Barcoo,312,315,317,177,42,74589,-24.3535,143.287,QLD,Hybrid/PHEV,4.0,9.0,19.0
31420,31420,4730,30450,Barcoo,312,315,317,177,42,74589,-22.9816801,143.8639126,QLD,Hybrid/PHEV,4.0,9.0,19.0
31424,31424,4730,30450,Barcoo,312,315,317,177,42,74589,-23.5032482,143.7018571,QLD,Hybrid/PHEV,4.0,9.0,19.0
31428,31428,4730,30450,Barcoo,312,315,317,177,42,74589,-23.4403125,144.2506199,QLD,Hybrid/PHEV,4.0,9.0,19.0
31432,31432,4730,30450,Barcoo,312,315,317,177,42,74589,-23.8165,143.218,QLD,Hybrid/PHEV,4.0,9.0,19.0
31436,31436,4730,30450,Barcoo,312,315,317,177,42,74589,-23.7212766,143.9473605,QLD,Hybrid/PHEV,4.0,9.0,19.0
31440,31440,4730,30450,Barcoo,312,315,317,177,42,74589,-22.7282811,143.6200534,QLD,Hybrid/PHEV,4.0,9.0,19.0
31444,31444,4730,30450,Barcoo,312,315,317,177,42,74589,-22.8990009,144.3384691,QLD,Hybrid/PHEV,4.0,9.0,19.0
31448,31448,4730,30450,Barcoo,312,315,317,177,42,74589,-23.8165,143.218,QLD,Hybrid/PHEV,4.0,9.0,19.0
31628,31628,4155,31000,Brisbane,1262968,1283432,1323162,775345,40,78400,-27.5139687,153.1559725,QLD,Hybrid/PHEV,14.0,16.0,21.0
31630,31630,4155,31000,Brisbane,1262968,1283432,1323162,775345,40,78400,-27.5139687,153.1559725,QLD,BEV,3.0,7.0,12.0
31646,31646,4153,31000,Brisbane,1262968,1283432,1323162,775345,40,78400,-27.4862,153.127,QLD,BEV,3.0,9.0,17.0
31650,31650,4153,31000,Brisbane,1262968,1283432,1323162,775345,40,78400,-27.511066,153.1354693,QLD,BEV,3.0,9.0,17.0
32578,32578,4013,31000,Brisbane,1262968,1283432,1323162,775345,40,78400,-27.3945,153.071,QLD,BEV,3.0,9.0,21.0
32582,32582,4013,31000,Brisbane,1262968,1283432,1323162,775345,40,78400,-27.3944936,153.0706888,QLD,BEV,3.0,9.0,21.0
32768,32768,4480,31750,Bulloo,342,343,346,197,42,71756,-26.616667,144.266667,QLD,Hybrid/PHEV,3.0,3.0,3.0
32772,32772,4480,31750,Bulloo,342,343,346,197,42,71756,-26.6687818,143.26759,QLD,Hybrid/PHEV,3.0,3.0,3.0
35408,35408,4695,33360,Gladstone,64275,65302,66835,34865,43,72736,-23.6139232,150.9541241,QLD,Hybrid/PHEV,3.0,3.0,5.0
35412,35412,4695,33360,Gladstone,64275,65302,66835,34865,43,72736,-23.810278,150.978333,QLD,Hybrid/PHEV,3.0,3.0,5.0
35416,35416,4695,33360,Gladstone,64275,65302,66835,34865,43,72736,-23.8362087,150.9365521,QLD,Hybrid/PHEV,3.0,3.0,5.0
35420,35420,4695,33360,Gladstone,64275,65302,66835,34865,43,72736,-23.8606589,150.9580886,QLD,Hybrid/PHEV,3.0,3.0,5.0
35424,35424,4695,33360,Gladstone,64275,65302,66835,34865,43,72736,-23.7594896,150.941643,QLD,Hybrid/PHEV,3.0,3.0,5.0
35428,35428,4695,33360,Gladstone,64275,65302,66835,34865,43,72736,-23.8804728,150.8997807,QLD,Hybrid/PHEV,3.0,3.0,5.0
35432,35432,4695,33360,Gladstone,64275,65302,66835,34865,43,72736,-23.788684,150.9125544,QLD,Hybrid/PHEV,3.0,3.0,5.0
35452,35452,4678,33360,Gladstone,64275,65302,66835,34865,43,72736,-24.079722,151.6525,QLD,Hybrid/PHEV,3.0,4.0,4.0
35456,35456,4678,33360,Gladstone,64275,65302,66835,34865,43,72736,-24.0837819,151.6244761,QLD,Hybrid/PHEV,3.0,4.0,4.0
35460,35460,4678,33360,Gladstone,64275,65302,66835,34865,43,72736,-24.1118924,151.5011957,QLD,Hybrid/PHEV,3.0,4.0,4.0
35464,35464,4678,33360,Gladstone,64275,65302,66835,34865,43,72736,-24.2417175,151.4954148,QLD,Hybrid/PHEV,3.0,4.0,4.0
37376,37376,4746,33980,Isaac,22419,22744,23024,11059,39,89984,-22.8196996,148.6910372,QLD,Hybrid/PHEV,7.0,10.0,11.0
37380,37380,4746,33980,Isaac,22419,22744,23024,11059,39,89984,-22.6855942,148.8714596,QLD,Hybrid/PHEV,7.0,10.0,11.0
37384,37384,4746,33980,Isaac,22419,22744,23024,11059,39,89984,-22.9298,148.551,QLD,Hybrid/PHEV,7.0,10.0,11.0
37388,37388,4745,33980,Isaac,22419,22744,23024,11059,39,89984,-22.701,148.414,QLD,Hybrid/PHEV,3.0,4.0,9.0
37392,37392,4745,33980,Isaac,22419,22744,23024,11059,39,89984,-22.4848385,148.2804541,QLD,Hybrid/PHEV,3.0,4.0,9.0
37404,37404,4743,33980,Isaac,22419,22744,23024,11059,39,89984,-21.3357262,147.8932291,QLD,Hybrid/PHEV,3.0,4.0,3.0
37408,37408,4743,33980,Isaac,22419,22744,23024,11059,39,89984,-21.353889,148.114444,QLD,Hybrid/PHEV,3.0,4.0,3.0
37600,37600,4739,33980,Isaac,22419,22744,23024,11059,39,89984,-21.8119895,149.3339956,QLD,Hybrid/PHEV,3.0,3.0,3.0
37660,37660,4724,33980,Isaac,22419,22744,23024,11059,39,89984,-23.1382319,146.6180519,QLD,Hybrid/PHEV,3.0,3.0,4.0
37664,37664,4724,33980,Isaac,22419,22744,23024,11059,39,89984,-23.9820086,146.8205035,QLD,Hybrid/PHEV,3.0,3.0,4.0
37668,37668,4724,33980,Isaac,22419,22744,23024,11059,39,89984,-23.65,146.633333,QLD,Hybrid/PHEV,3.0,3.0,4.0
37672,37672,4724,33980,Isaac,22419,22744,23024,11059,39,89984,-23.846072,147.0596755,QLD,Hybrid/PHEV,3.0,3.0,4.0
37676,37676,4724,33980,Isaac,22419,22744,23024,11059,39,89984,-23.5060393,147.1053217,QLD,Hybrid/PHEV,3.0,3.0,4.0
37680,37680,4724,33980,Isaac,22419,22744,23024,11059,39,89984,-23.3558294,146.3806209,QLD,Hybrid/PHEV,3.0,3.0,4.0
37684,37684,4724,33980,Isaac,22419,22744,23024,11059,39,89984,-24.0782835,146.5676082,QLD,Hybrid/PHEV,3.0,3.0,4.0
37688,37688,4724,33980,Isaac,22419,22744,23024,11059,39,89984,-23.4567186,146.8813626,QLD,Hybrid/PHEV,3.0,3.0,4.0
37692,37692,4724,33980,Isaac,22419,22744,23024,11059,39,89984,-23.65,146.633333,QLD,Hybrid/PHEV,3.0,3.0,4.0
37708,37708,4711,34530,Livingstone,39877,40901,41906,22261,46,71584,-23.2644813,150.4711036,QLD,Hybrid/PHEV,6.0,7.0,8.0
37712,37712,4711,34530,Livingstone,39877,40901,41906,22261,46,71584,-23.2488921,150.4740035,QLD,Hybrid/PHEV,6.0,7.0,8.0
37728,37728,4705,34530,Livingstone,39877,40901,41906,22261,46,71584,-22.9693591,149.5238058,QLD,Hybrid/PHEV,3.0,3.0,3.0
37732,37732,4705,34530,Livingstone,39877,40901,41906,22261,46,71584,-22.8215806,149.8818477,QLD,Hybrid/PHEV,3.0,3.0,3.0
37736,37736,4705,34530,Livingstone,39877,40901,41906,22261,46,71584,-23.0252011,149.0126369,QLD,Hybrid/PHEV,3.0,3.0,3.0
37740,37740,4705,34530,Livingstone,39877,40901,41906,22261,46,71584,-22.4974642,149.1758589,QLD,Hybrid/PHEV,3.0,3.0,3.0
37744,37744,4705,34530,Livingstone,39877,40901,41906,22261,46,71584,-22.6370812,149.2509959,QLD,Hybrid/PHEV,3.0,3.0,3.0
37758,37758,4703,34530,Livingstone,39877,40901,41906,22261,46,71584,-23.133333,150.733333,QLD,BEV,5.0,13.0,19.0
37762,37762,4703,34530,Livingstone,39877,40901,41906,22261,46,71584,-23.0288874,150.6793368,QLD,BEV,5.0,13.0,19.0
37766,37766,4703,34530,Livingstone,39877,40901,41906,22261,46,71584,-22.7883469,150.6693782,QLD,BEV,5.0,13.0,19.0
37770,37770,4703,34530,Livingstone,39877,40901,41906,22261,46,71584,-23.1709586,150.7504879,QLD,BEV,5.0,13.0,19.0
37774,37774,4703,34530,Livingstone,39877,40901,41906,22261,46,71584,-23.147778,150.755278,QLD,BEV,5.0,13.0,19.0
37778,37778,4703,34530,Livingstone,39877,40901,41906,22261,46,71584,-23.2315989,150.7562989,QLD,BEV,5.0,13.0,19.0
37782,37782,4703,34530,Livingstone,39877,40901,41906,22261,46,71584,-22.8131209,150.8051784,QLD,BEV,5.0,13.0,19.0
37786,37786,4703,34530,Livingstone,39877,40901,41906,22261,46,71584,-23.1644,150.782,QLD,BEV,5.0,13.0,19.0
37790,37790,4703,34530,Livingstone,39877,40901,41906,22261,46,71584,-23.1711709,150.7799085,QLD,BEV,5.0,13.0,19.0
37794,37794,4703,34530,Livingstone,39877,40901,41906,22261,46,71584,-23.10045,150.7359613,QLD,BEV,5.0,13.0,19.0
37798,37798,4703,34530,Livingstone,39877,40901,41906,22261,46,71584,-23.1788632,150.6410274,QLD,BEV,5.0,13.0,19.0
37802,37802,4703,34530,Livingstone,39877,40901,41906,22261,46,71584,-23.1914202,150.8115148,QLD,BEV,5.0,13.0,19.0
37806,37806,4703,34530,Livingstone,39877,40901,41906,22261,46,71584,-23.1146687,150.7461298,QLD,BEV,5.0,13.0,19.0
37810,37810,4703,34530,Livingstone,39877,40901,41906,22261,46,71584,-22.9652202,150.6266947,QLD,BEV,5.0,13.0,19.0
37814,37814,4703,34530,Livingstone,39877,40901,41906,22261,46,71584,-23.1649,150.776,QLD,BEV,5.0,13.0,19.0
37818,37818,4703,34530,Livingstone,39877,40901,41906,22261,46,71584,-23.160833,150.763333,QLD,BEV,5.0,13.0,19.0
37822,37822,4703,34530,Livingstone,39877,40901,41906,22261,46,71584,-23.0989493,150.6452026,QLD,BEV,5.0,13.0,19.0
37826,37826,4703,34530,Livingstone,39877,40901,41906,22261,46,71584,-23.2253249,150.7911443,QLD,BEV,5.0,13.0,19.0
37830,37830,4703,34530,Livingstone,39877,40901,41906,22261,46,71584,-23.1693,150.791,QLD,BEV,5.0,13.0,19.0
37834,37834,4703,34530,Livingstone,39877,40901,41906,22261,46,71584,-23.1131382,150.7185313,QLD,BEV,5.0,13.0,19.0
37838,37838,4703,34530,Livingstone,39877,40901,41906,22261,46,71584,-23.1638922,150.7156265,QLD,BEV,5.0,13.0,19.0
37842,37842,4703,34530,Livingstone,39877,40901,41906,22261,46,71584,-23.0775994,150.7228995,QLD,BEV,5.0,13.0,19.0
37846,37846,4703,34530,Livingstone,39877,40901,41906,22261,46,71584,-23.141944,150.755556,QLD,BEV,5.0,13.0,19.0
37850,37850,4703,34530,Livingstone,39877,40901,41906,22261,46,71584,-23.1577103,150.6485695,QLD,BEV,5.0,13.0,19.0
37854,37854,4703,34530,Livingstone,39877,40901,41906,22261,46,71584,-23.1973996,150.7879954,QLD,BEV,5.0,13.0,19.0
37858,37858,4703,34530,Livingstone,39877,40901,41906,22261,46,71584,-22.8372067,150.640093,QLD,BEV,5.0,13.0,19.0
37862,37862,4703,34530,Livingstone,39877,40901,41906,22261,46,71584,-23.0567293,150.6401218,QLD,BEV,5.0,13.0,19.0
37866,37866,4703,34530,Livingstone,39877,40901,41906,22261,46,71584,-23.1958211,150.6865817,QLD,BEV,5.0,13.0,19.0
37870,37870,4703,34530,Livingstone,39877,40901,41906,22261,46,71584,-22.8372,150.64,QLD,BEV,5.0,13.0,19.0
37874,37874,4703,34530,Livingstone,39877,40901,41906,22261,46,71584,-23.1451456,150.5537746,QLD,BEV,5.0,13.0,19.0
37878,37878,4703,34530,Livingstone,39877,40901,41906,22261,46,71584,-23.1354506,150.6952945,QLD,BEV,5.0,13.0,19.0
37882,37882,4703,34530,Livingstone,39877,40901,41906,22261,46,71584,-23.1086756,150.7432244,QLD,BEV,5.0,13.0,19.0
37886,37886,4703,34530,Livingstone,39877,40901,41906,22261,46,71584,-23.0766,150.7847,QLD,BEV,5.0,13.0,19.0
37890,37890,4703,34530,Livingstone,39877,40901,41906,22261,46,71584,-23.0943343,150.6923902,QLD,BEV,5.0,13.0,19.0
38940,38940,4754,34770,Mackay,123148,124950,126907,74055,42,75156,-21.2038923,148.7652646,QLD,Hybrid/PHEV,9.0,11.0,10.0
38944,38944,4754,34770,Mackay,123148,124950,126907,74055,42,75156,-21.2905809,148.8228763,QLD,Hybrid/PHEV,9.0,11.0,10.0
38948,38948,4754,34770,Mackay,123148,124950,126907,74055,42,75156,-21.098937,148.838268,QLD,Hybrid/PHEV,9.0,11.0,10.0
38952,38952,4754,34770,Mackay,123148,124950,126907,74055,42,75156,-21.1620311,148.866909,QLD,Hybrid/PHEV,9.0,11.0,10.0
38956,38956,4754,34770,Mackay,123148,124950,126907,74055,42,75156,-21.2241319,148.838268,QLD,Hybrid/PHEV,9.0,11.0,10.0
38960,38960,4754,34770,Mackay,123148,124950,126907,74055,42,75156,-21.0940779,148.7564635,QLD,Hybrid/PHEV,9.0,11.0,10.0
38964,38964,4754,34770,Mackay,123148,124950,126907,74055,42,75156,-21.1650973,148.8214446,QLD,Hybrid/PHEV,9.0,11.0,10.0
40878,40878,4184,36250,Redland,161709,163729,166809,93594,45,67528,-27.6705144,153.3831175,QLD,BEV,3.0,13.0,13.0
40882,40882,4184,36250,Redland,161709,163729,166809,93594,45,67528,-27.6119085,153.3704597,QLD,BEV,3.0,13.0,13.0
40886,40886,4184,36250,Redland,161709,163729,166809,93594,45,67528,-27.5005735,153.3476127,QLD,BEV,3.0,13.0,13.0
40890,40890,4184,36250,Redland,161709,163729,166809,93594,45,67528,-27.612,153.355,QLD,BEV,3.0,13.0,13.0
40894,40894,4184,36250,Redland,161709,163729,166809,93594,45,67528,-27.6261767,153.3770931,QLD,BEV,3.0,13.0,13.0
40898,40898,4184,36250,Redland,161709,163729,166809,93594,45,67528,-27.637184,153.3718169,QLD,BEV,3.0,13.0,13.0
40902,40902,4184,36250,Redland,161709,163729,166809,93594,45,67528,-27.5692306,153.3314001,QLD,BEV,3.0,13.0,13.0
40978,40978,4161,36250,Redland,161709,163729,166809,93594,45,67528,-27.522958,153.220588,QLD,BEV,3.0,8.0,19.0
40998,40998,4158,36250,Redland,161709,163729,166809,93594,45,67528,-27.4864891,153.2002692,QLD,BEV,3.0,3.0,5.0
45210,45210,5252,40120,Adelaide Hills,41237,41408,41842,25534,48,77475,-35.1083533,138.9858082,SA,BEV,4.0,6.0,8.0
45214,45214,5252,40120,Adelaide Hills,41237,41408,41842,25534,48,77475,-35.0014967,138.9426412,SA,BEV,4.0,6.0,8.0
45218,45218,5252,40120,Adelaide Hills,41237,41408,41842,25534,48,77475,-35.0295589,138.9079187,SA,BEV,4.0,6.0,8.0
45222,45222,5252,40120,Adelaide Hills,41237,41408,41842,25534,48,77475,-35.0696573,139.0103998,SA,BEV,4.0,6.0,8.0
45226,45226,5252,40120,Adelaide Hills,41237,41408,41842,25534,48,77475,-35.0103027,138.8976186,SA,BEV,4.0,6.0,8.0
45230,45230,5252,40120,Adelaide Hills,41237,41408,41842,25534,48,77475,-35.041,138.941,SA,BEV,4.0,6.0,8.0
45234,45234,5252,40120,Adelaide Hills,41237,41408,41842,25534,48,77475,-35.0014967,138.9426412,SA,BEV,4.0,6.0,8.0
45238,45238,5245,40120,Adelaide Hills,41237,41408,41842,25534,48,77475,-35.0081824,138.7919726,SA,BEV,3.0,4.0,8.0
45242,45242,5245,40120,Adelaide Hills,41237,41408,41842,25534,48,77475,-35.0564422,138.8145943,SA,BEV,3.0,4.0,8.0
45246,45246,5245,40120,Adelaide Hills,41237,41408,41842,25534,48,77475,-35.0258566,138.809318,SA,BEV,3.0,4.0,8.0
45250,45250,5242,40120,Adelaide Hills,41237,41408,41842,25534,48,77475,-34.9893754,138.827385,SA,BEV,3.0,3.0,7.0
45252,45252,5241,40120,Adelaide Hills,41237,41408,41842,25534,48,77475,-34.9094528,138.8699303,SA,Hybrid/PHEV,9.0,15.0,22.0
45256,45256,5240,40120,Adelaide Hills,41237,41408,41842,25534,48,77475,-34.9138333,138.8246514,SA,Hybrid/PHEV,3.0,5.0,3.0
45284,45284,5233,40120,Adelaide Hills,41237,41408,41842,25534,48,77475,-34.7840782,138.9577326,SA,Hybrid/PHEV,5.0,8.0,9.0
45288,45288,5233,40120,Adelaide Hills,41237,41408,41842,25534,48,77475,-34.86,138.895,SA,Hybrid/PHEV,5.0,8.0,9.0
45292,45292,5233,40120,Adelaide Hills,41237,41408,41842,25534,48,77475,-34.825556,138.883333,SA,Hybrid/PHEV,5.0,8.0,9.0
45296,45296,5233,40120,Adelaide Hills,41237,41408,41842,25534,48,77475,-34.8,138.9,SA,Hybrid/PHEV,5.0,8.0,9.0
45300,45300,5232,40120,Adelaide Hills,41237,41408,41842,25534,48,77475,-34.8562147,138.8296806,SA,Hybrid/PHEV,3.0,4.0,6.0
45340,45340,5151,40120,Adelaide Hills,41237,41408,41842,25534,48,77475,-34.9788,138.732,SA,Hybrid/PHEV,3.0,3.0,3.0
45344,45344,5144,40120,Adelaide Hills,41237,41408,41842,25534,48,77475,-34.966565,138.7743842,SA,Hybrid/PHEV,4.0,4.0,6.0
45348,45348,5142,40120,Adelaide Hills,41237,41408,41842,25534,48,77475,-34.9599982,138.7417347,SA,Hybrid/PHEV,5.0,7.0,12.0
45352,45352,5141,40120,Adelaide Hills,41237,41408,41842,25534,48,77475,-34.95,138.716667,SA,Hybrid/PHEV,11.0,14.0,16.0
45356,45356,5141,40120,Adelaide Hills,41237,41408,41842,25534,48,77475,-34.9376057,138.7040858,SA,Hybrid/PHEV,11.0,14.0,16.0
45360,45360,5140,40120,Adelaide Hills,41237,41408,41842,25534,48,77475,-34.9526096,138.7015768,SA,Hybrid/PHEV,3.0,6.0,5.0
45372,45372,5137,40120,Adelaide Hills,41237,41408,41842,25534,48,77475,-34.919389,138.758414,SA,Hybrid/PHEV,3.0,5.0,5.0
45376,45376,5137,40120,Adelaide Hills,41237,41408,41842,25534,48,77475,-34.939722,138.737222,SA,Hybrid/PHEV,3.0,5.0,5.0
45380,45380,5136,40120,Adelaide Hills,41237,41408,41842,25534,48,77475,-34.9174787,138.7442455,SA,Hybrid/PHEV,7.0,7.0,8.0
45384,45384,5134,40120,Adelaide Hills,41237,41408,41842,25534,48,77475,-34.893372,138.735106,SA,Hybrid/PHEV,3.0,4.0,7.0
45388,45388,5134,40120,Adelaide Hills,41237,41408,41842,25534,48,77475,-34.911944,138.765278,SA,Hybrid/PHEV,3.0,4.0,7.0
45398,45398,5076,40120,Adelaide Hills,41237,41408,41842,25534,48,77475,-34.8715897,138.7656225,SA,BEV,7.0,13.0,19.0
45402,45402,5076,40120,Adelaide Hills,41237,41408,41842,25534,48,77475,-34.87,138.703,SA,BEV,7.0,13.0,19.0
48372,48372,5156,44340,Mitcham,68162,68370,69542,42455,46,77031,-35.015,138.686,SA,Hybrid/PHEV,5.0,11.0,10.0
53212,53212,6754,50250,Ashburton,7781,7843,8076,3363,38,104461,-23.1953868,117.7138785,WA,Hybrid/PHEV,3.0,4.0,3.0
53256,53256,6707,50250,Ashburton,7781,7843,8076,3363,38,104461,-21.8876412,114.1294021,WA,Hybrid/PHEV,4.0,6.0,7.0
53260,53260,6707,50250,Ashburton,7781,7843,8076,3363,38,104461,-22.2618012,114.0964216,WA,Hybrid/PHEV,4.0,6.0,7.0
53264,53264,6707,50250,Ashburton,7781,7843,8076,3363,38,104461,-22.6771467,114.0538987,WA,Hybrid/PHEV,4.0,6.0,7.0
53268,53268,6707,50250,Ashburton,7781,7843,8076,3363,38,104461,-21.9313388,114.1236812,WA,Hybrid/PHEV,4.0,6.0,7.0
53272,53272,6707,50250,Ashburton,7781,7843,8076,3363,38,104461,-22.1493202,113.9188374,WA,Hybrid/PHEV,4.0,6.0,7.0
53330,53330,6106,50490,Belmont,43868,44364,45976,26032,38,68670,-31.9891,115.945,WA,BEV,8.0,7.0,12.0
53334,53334,6106,50490,Belmont,43868,44364,45976,26032,38,68670,-31.991505,115.9497562,WA,BEV,8.0,7.0,12.0
53496,53496,6391,50630,Boddington,1760,1758,1786,970,47,78838,-33.0191,116.75,WA,Hybrid/PHEV,4.0,4.0,8.0
53500,53500,6391,50630,Boddington,1760,1758,1786,970,47,78838,-33.0803,117.102,WA,Hybrid/PHEV,4.0,4.0,8.0
53504,53504,6391,50630,Boddington,1760,1758,1786,970,47,78838,-33.0328908,116.489345,WA,Hybrid/PHEV,4.0,4.0,8.0
53508,53508,6391,50630,Boddington,1760,1758,1786,970,47,78838,-32.9923,116.767,WA,Hybrid/PHEV,4.0,4.0,8.0
53512,53512,6391,50630,Boddington,1760,1758,1786,970,47,78838,-33.428,116.817,WA,Hybrid/PHEV,4.0,4.0,8.0
53516,53516,6391,50630,Boddington,1760,1758,1786,970,47,78838,-33.1669,116.842,WA,Hybrid/PHEV,4.0,4.0,8.0
53520,53520,6391,50630,Boddington,1760,1758,1786,970,47,78838,-32.8535,116.891,WA,Hybrid/PHEV,4.0,4.0,8.0
53524,53524,6391,50630,Boddington,1760,1758,1786,970,47,78838,-33.1057,116.709,WA,Hybrid/PHEV,4.0,4.0,8.0
53528,53528,6213,50630,Boddington,1760,1758,1786,970,47,78838,-32.7365144,116.005922,WA,Hybrid/PHEV,3.0,5.0,6.0
53532,53532,6213,50630,Boddington,1760,1758,1786,970,47,78838,-32.6542482,116.015592,WA,Hybrid/PHEV,3.0,5.0,6.0
53536,53536,6213,50630,Boddington,1760,1758,1786,970,47,78838,-32.7593084,116.1929573,WA,Hybrid/PHEV,3.0,5.0,6.0
53540,53540,6213,50630,Boddington,1760,1758,1786,970,47,78838,-32.6986651,116.068417,WA,Hybrid/PHEV,3.0,5.0,6.0
53544,53544,6213,50630,Boddington,1760,1758,1786,970,47,78838,-32.7462421,116.1326885,WA,Hybrid/PHEV,3.0,5.0,6.0
53548,53548,6213,50630,Boddington,1760,1758,1786,970,47,78838,-32.7142537,116.0664969,WA,Hybrid/PHEV,3.0,5.0,6.0
53552,53552,6213,50630,Boddington,1760,1758,1786,970,47,78838,-32.5959844,116.092028,WA,Hybrid/PHEV,3.0,5.0,6.0
53688,53688,6728,50980,Broome,18204,18368,18611,9334,39,75147,-17.7265497,123.6565492,WA,Hybrid/PHEV,3.0,3.0,8.0
53692,53692,6728,50980,Broome,18204,18368,18611,9334,39,75147,-18.4878325,124.3952278,WA,Hybrid/PHEV,3.0,3.0,8.0
53696,53696,6728,50980,Broome,18204,18368,18611,9334,39,75147,-17.4055962,124.053076,WA,Hybrid/PHEV,3.0,3.0,8.0
53700,53700,6728,50980,Broome,18204,18368,18611,9334,39,75147,-17.0625482,125.7081746,WA,Hybrid/PHEV,3.0,3.0,8.0
53704,53704,6728,50980,Broome,18204,18368,18611,9334,39,75147,-16.655747,124.3771901,WA,Hybrid/PHEV,3.0,3.0,8.0
53708,53708,6728,50980,Broome,18204,18368,18611,9334,39,75147,-17.9518176,124.2522537,WA,Hybrid/PHEV,3.0,3.0,8.0
53712,53712,6728,50980,Broome,18204,18368,18611,9334,39,75147,-18.304586,123.8276668,WA,Hybrid/PHEV,3.0,3.0,8.0
53716,53716,6728,50980,Broome,18204,18368,18611,9334,39,75147,-17.4399942,123.7440145,WA,Hybrid/PHEV,3.0,3.0,8.0
53720,53720,6728,50980,Broome,18204,18368,18611,9334,39,75147,-17.9518176,124.2522537,WA,Hybrid/PHEV,3.0,3.0,8.0
54040,54040,6271,51400,Capel,18776,19012,19335,11110,44,72503,-33.4974078,115.5445901,WA,Hybrid/PHEV,7.0,17.0,22.0
54044,54044,6271,51400,Capel,18776,19012,19335,11110,44,72503,-33.52882,115.5062027,WA,Hybrid/PHEV,7.0,17.0,22.0
54048,54048,6271,51400,Capel,18776,19012,19335,11110,44,72503,-33.5750171,115.4825679,WA,Hybrid/PHEV,7.0,17.0,22.0
54052,54052,6271,51400,Capel,18776,19012,19335,11110,44,72503,-33.6277367,115.6624271,WA,Hybrid/PHEV,7.0,17.0,22.0
54056,54056,6271,51400,Capel,18776,19012,19335,11110,44,72503,-33.5426315,115.561707,WA,Hybrid/PHEV,7.0,17.0,22.0
54094,54094,6530,51610,Chapman Valley,1613,1636,1663,945,48,68729,-28.7682843,114.6590479,WA,BEV,3.0,4.0,14.0
54098,54098,6530,51610,Chapman Valley,1613,1636,1663,945,48,68729,-28.7671741,114.624664,WA,BEV,3.0,4.0,14.0
54102,54102,6530,51610,Chapman Valley,1613,1636,1663,945,48,68729,-28.7783317,114.5858497,WA,BEV,3.0,4.0,14.0
54106,54106,6530,51610,Chapman Valley,1613,1636,1663,945,48,68729,-28.7534588,114.6295893,WA,BEV,3.0,4.0,14.0
54110,54110,6530,51610,Chapman Valley,1613,1636,1663,945,48,68729,-28.817894,114.6357187,WA,BEV,3.0,4.0,14.0
54114,54114,6530,51610,Chapman Valley,1613,1636,1663,945,48,68729,-28.6846492,114.6446013,WA,BEV,3.0,4.0,14.0
54118,54118,6530,51610,Chapman Valley,1613,1636,1663,945,48,68729,-28.7776536,114.6409088,WA,BEV,3.0,4.0,14.0
54122,54122,6530,51610,Chapman Valley,1613,1636,1663,945,48,68729,-28.8052784,114.6209346,WA,BEV,3.0,4.0,14.0
54126,54126,6530,51610,Chapman Valley,1613,1636,1663,945,48,68729,-28.7233192,114.623063,WA,BEV,3.0,4.0,14.0
54130,54130,6530,51610,Chapman Valley,1613,1636,1663,945,48,68729,-28.7521303,114.6412431,WA,BEV,3.0,4.0,14.0
54134,54134,6530,51610,Chapman Valley,1613,1636,1663,945,48,68729,-28.7386928,114.6333269,WA,BEV,3.0,4.0,14.0
54138,54138,6530,51610,Chapman Valley,1613,1636,1663,945,48,68729,-28.7848367,114.6297729,WA,BEV,3.0,4.0,14.0
54142,54142,6530,51610,Chapman Valley,1613,1636,1663,945,48,68729,-28.7966203,114.6256786,WA,BEV,3.0,4.0,14.0
54146,54146,6530,51610,Chapman Valley,1613,1636,1663,945,48,68729,-28.7340685,114.663716,WA,BEV,3.0,4.0,14.0
54150,54150,6530,51610,Chapman Valley,1613,1636,1663,945,48,68729,-28.7995993,114.6761215,WA,BEV,3.0,4.0,14.0
54154,54154,6530,51610,Chapman Valley,1613,1636,1663,945,48,68729,-28.7923681,114.6134187,WA,BEV,3.0,4.0,14.0
54158,54158,6530,51610,Chapman Valley,1613,1636,1663,945,48,68729,-28.7998157,114.6410257,WA,BEV,3.0,4.0,14.0
54162,54162,6530,51610,Chapman Valley,1613,1636,1663,945,48,68729,-28.7777,113.858,WA,BEV,3.0,4.0,14.0
54166,54166,6530,51610,Chapman Valley,1613,1636,1663,945,48,68729,-28.7738,114.612,WA,BEV,3.0,4.0,14.0
54170,54170,6530,51610,Chapman Valley,1613,1636,1663,945,48,68729,-28.7796535,114.6144452,WA,BEV,3.0,4.0,14.0
54174,54174,6530,51610,Chapman Valley,1613,1636,1663,945,48,68729,-28.7367581,114.6249517,WA,BEV,3.0,4.0,14.0
54178,54178,6530,51610,Chapman Valley,1613,1636,1663,945,48,68729,-28.758206,114.6196165,WA,BEV,3.0,4.0,14.0
54182,54182,6530,51610,Chapman Valley,1613,1636,1663,945,48,68729,-28.7846739,114.6031711,WA,BEV,3.0,4.0,14.0
54192,54192,6501,51680,Chittering,6099,6298,6516,3569,48,70453,-31.5382441,115.9231471,WA,Hybrid/PHEV,3.0,3.0,7.0
54292,54292,6442,51960,Coolgardie,3638,3638,3686,1674,44,83278,-31.2319364,121.6112091,WA,Hybrid/PHEV,5.0,9.0,12.0
54296,54296,6442,51960,Coolgardie,3638,3638,3686,1674,44,83278,-31.203598,121.6667896,WA,Hybrid/PHEV,5.0,9.0,12.0
54300,54300,6442,51960,Coolgardie,3638,3638,3686,1674,44,83278,-31.2016,121.663,WA,Hybrid/PHEV,5.0,9.0,12.0
54304,54304,6429,51960,Coolgardie,3638,3638,3686,1674,44,83278,-30.8651058,120.5091195,WA,Hybrid/PHEV,3.0,3.0,3.0
54308,54308,6429,51960,Coolgardie,3638,3638,3686,1674,44,83278,-31.5095982,120.8192094,WA,Hybrid/PHEV,3.0,3.0,3.0
54312,54312,6429,51960,Coolgardie,3638,3638,3686,1674,44,83278,-30.8405931,121.2630394,WA,Hybrid/PHEV,3.0,3.0,3.0
54316,54316,6429,51960,Coolgardie,3638,3638,3686,1674,44,83278,-31.1850965,121.2363978,WA,Hybrid/PHEV,3.0,3.0,3.0
54320,54320,6429,51960,Coolgardie,3638,3638,3686,1674,44,83278,-31.0236011,121.4577984,WA,Hybrid/PHEV,3.0,3.0,3.0
54324,54324,6429,51960,Coolgardie,3638,3638,3686,1674,44,83278,-30.9542738,121.1759269,WA,Hybrid/PHEV,3.0,3.0,3.0
54328,54328,6429,51960,Coolgardie,3638,3638,3686,1674,44,83278,-31.0001443,120.8931316,WA,Hybrid/PHEV,3.0,3.0,3.0
54332,54332,6429,51960,Coolgardie,3638,3638,3686,1674,44,83278,-30.8372561,120.2202619,WA,Hybrid/PHEV,3.0,3.0,3.0
54648,54648,6236,52660,Dardanup,15197,15376,15685,8627,43,68947,-33.4651658,115.9101679,WA,Hybrid/PHEV,8.0,13.0,13.0
54652,54652,6236,52660,Dardanup,15197,15376,15685,8627,43,68947,-33.4339546,115.9460994,WA,Hybrid/PHEV,8.0,13.0,13.0
54656,54656,6236,52660,Dardanup,15197,15376,15685,8627,43,68947,-33.3736616,115.7714392,WA,Hybrid/PHEV,8.0,13.0,13.0
54660,54660,6236,52660,Dardanup,15197,15376,15685,8627,43,68947,-33.3790854,115.8094203,WA,Hybrid/PHEV,8.0,13.0,13.0
54664,54664,6236,52660,Dardanup,15197,15376,15685,8627,43,68947,-33.4381,115.845,WA,Hybrid/PHEV,8.0,13.0,13.0
54668,54668,6236,52660,Dardanup,15197,15376,15685,8627,43,68947,-33.3979513,115.720775,WA,Hybrid/PHEV,8.0,13.0,13.0
54672,54672,6236,52660,Dardanup,15197,15376,15685,8627,43,68947,-33.3979513,115.720775,WA,Hybrid/PHEV,8.0,13.0,13.0
54676,54676,6236,52660,Dardanup,15197,15376,15685,8627,43,68947,-33.497899,115.8183078,WA,Hybrid/PHEV,8.0,13.0,13.0
55227,55227,6762,53220,East Pilbara,10378,10311,10401,2979,37,96811,-21.0976372,123.7964613,WA,ICE,3.0,3.0,3.0
55232,55232,6753,53220,East Pilbara,10378,10311,10401,2979,37,96811,-22.9798905,119.7889248,WA,Hybrid/PHEV,13.0,11.0,18.0
55236,55236,6753,53220,East Pilbara,10378,10311,10401,2979,37,96811,-22.9798905,119.7889248,WA,Hybrid/PHEV,13.0,11.0,18.0
55731,55731,6628,53800,Greater Geraldton,41182,41515,41914,22625,45,68429,-28.7902141,115.8048521,WA,ICE,16.0,11.0,9.0
55732,55732,6528,53800,Greater Geraldton,41182,41515,41914,22625,45,68429,-28.9403822,114.8395162,WA,Hybrid/PHEV,4.0,3.0,3.0
55736,55736,6528,53800,Greater Geraldton,41182,41515,41914,22625,45,68429,-29.0056971,114.7984768,WA,Hybrid/PHEV,4.0,3.0,3.0
55740,55740,6528,53800,Greater Geraldton,41182,41515,41914,22625,45,68429,-29.0091632,114.9133921,WA,Hybrid/PHEV,4.0,3.0,3.0
55756,55756,6226,53990,Harvey,29625,30165,30790,17060,44,70099,-33.292782,115.8640062,WA,Hybrid/PHEV,4.0,6.0,13.0
55796,55796,6218,53990,Harvey,29625,30165,30790,17060,44,70099,-32.9571735,115.8640062,WA,Hybrid/PHEV,3.0,3.0,4.0
56046,56046,6058,54200,Kalamunda,60804,61294,62670,35712,44,72839,-31.9831525,116.0000104,WA,BEV,7.0,12.0,20.0
56148,56148,6718,54310,Karratha,23412,23809,24237,12650,38,101582,-20.8632961,117.8337189,WA,Hybrid/PHEV,3.0,3.0,7.0
56152,56152,6718,54310,Karratha,23412,23809,24237,12650,38,101582,-20.7505507,117.1970557,WA,Hybrid/PHEV,3.0,3.0,7.0
57408,57408,6558,56090,Mundaring,40539,40517,41421,23153,47,73913,-31.8029829,116.3131356,WA,Hybrid/PHEV,5.0,10.0,9.0
57414,57414,6083,56090,Mundaring,40539,40517,41421,23153,47,73913,-31.6120269,116.3323997,WA,BEV,3.0,5.0,12.0
57418,57418,6083,56090,Mundaring,40539,40517,41421,23153,47,73913,-31.7930685,116.1965988,WA,BEV,3.0,5.0,12.0
57430,57430,6081,56090,Mundaring,40539,40517,41421,23153,47,73913,-31.8771055,116.1705079,WA,BEV,3.0,3.0,15.0
57434,57434,6081,56090,Mundaring,40539,40517,41421,23153,47,73913,-31.8753082,116.1386395,WA,BEV,3.0,3.0,15.0
57484,57484,6074,56090,Mundaring,40539,40517,41421,23153,47,73913,-31.9747933,116.2540856,WA,Hybrid/PHEV,6.0,7.0,11.0
57486,57486,6074,56090,Mundaring,40539,40517,41421,23153,47,73913,-31.9747933,116.2540856,WA,BEV,3.0,3.0,3.0
57500,57500,6072,56090,Mundaring,40539,40517,41421,23153,47,73913,-31.9142343,116.1329888,WA,Hybrid/PHEV,6.0,10.0,12.0
57604,57604,6390,56230,Murray,18639,19116,19823,9760,46,69759,-32.8311864,116.2735859,WA,Hybrid/PHEV,3.0,6.0,6.0
57606,57606,6390,56230,Murray,18639,19116,19823,9760,46,69759,-32.8311864,116.2735859,WA,BEV,4.0,4.0,4.0
57608,57608,6390,56230,Murray,18639,19116,19823,9760,46,69759,-32.9889016,116.3068429,WA,Hybrid/PHEV,3.0,6.0,6.0
57610,57610,6390,56230,Murray,18639,19116,19823,9760,46,69759,-32.9889016,116.3068429,WA,BEV,4.0,4.0,4.0
57612,57612,6390,56230,Murray,18639,19116,19823,9760,46,69759,-32.7927841,116.4949004,WA,Hybrid/PHEV,3.0,6.0,6.0
57614,57614,6390,56230,Murray,18639,19116,19823,9760,46,69759,-32.7927841,116.4949004,WA,BEV,4.0,4.0,4.0
57616,57616,6390,56230,Murray,18639,19116,19823,9760,46,69759,-32.582088,116.4855219,WA,Hybrid/PHEV,3.0,6.0,6.0
57618,57618,6390,56230,Murray,18639,19116,19823,9760,46,69759,-32.582088,116.4855219,WA,BEV,4.0,4.0,4.0
57620,57620,6390,56230,Murray,18639,19116,19823,9760,46,69759,-32.6051565,116.3148981,WA,Hybrid/PHEV,3.0,6.0,6.0
57622,57622,6390,56230,Murray,18639,19116,19823,9760,46,69759,-32.6051565,116.3148981,WA,BEV,4.0,4.0,4.0
57624,57624,6390,56230,Murray,18639,19116,19823,9760,46,69759,-32.4141667,116.3077778,WA,Hybrid/PHEV,3.0,6.0,6.0
57626,57626,6390,56230,Murray,18639,19116,19823,9760,46,69759,-32.4141667,116.3077778,WA,BEV,4.0,4.0,4.0
57628,57628,6390,56230,Murray,18639,19116,19823,9760,46,69759,-32.938858,116.4548484,WA,Hybrid/PHEV,3.0,6.0,6.0
57630,57630,6390,56230,Murray,18639,19116,19823,9760,46,69759,-32.938858,116.4548484,WA,BEV,4.0,4.0,4.0
57632,57632,6390,56230,Murray,18639,19116,19823,9760,46,69759,-32.9302941,116.413849,WA,Hybrid/PHEV,3.0,6.0,6.0
57634,57634,6390,56230,Murray,18639,19116,19823,9760,46,69759,-32.9302941,116.413849,WA,BEV,4.0,4.0,4.0
57636,57636,6390,56230,Murray,18639,19116,19823,9760,46,69759,-32.8192958,116.6119208,WA,Hybrid/PHEV,3.0,6.0,6.0
57638,57638,6390,56230,Murray,18639,19116,19823,9760,46,69759,-32.8192958,116.6119208,WA,BEV,4.0,4.0,4.0
57640,57640,6390,56230,Murray,18639,19116,19823,9760,46,69759,-32.7980053,116.4777581,WA,Hybrid/PHEV,3.0,6.0,6.0
57642,57642,6390,56230,Murray,18639,19116,19823,9760,46,69759,-32.7980053,116.4777581,WA,BEV,4.0,4.0,4.0
57644,57644,6390,56230,Murray,18639,19116,19823,9760,46,69759,-32.582088,116.4855219,WA,Hybrid/PHEV,3.0,6.0,6.0
57646,57646,6390,56230,Murray,18639,19116,19823,9760,46,69759,-32.582088,116.4855219,WA,BEV,4.0,4.0,4.0
57648,57648,6215,56230,Murray,18639,19116,19823,9760,46,69759,-32.8430024,115.8526271,WA,Hybrid/PHEV,8.0,19.0,22.0
57650,57650,6215,56230,Murray,18639,19116,19823,9760,46,69759,-32.8430024,115.8526271,WA,BEV,3.0,3.0,6.0
57652,57652,6215,56230,Murray,18639,19116,19823,9760,46,69759,-32.926333,115.9029793,WA,Hybrid/PHEV,8.0,19.0,22.0
57654,57654,6215,56230,Murray,18639,19116,19823,9760,46,69759,-32.926333,115.9029793,WA,BEV,3.0,3.0,6.0
57656,57656,6215,56230,Murray,18639,19116,19823,9760,46,69759,-32.8775888,115.6741375,WA,Hybrid/PHEV,8.0,19.0,22.0
57658,57658,6215,56230,Murray,18639,19116,19823,9760,46,69759,-32.8775888,115.6741375,WA,BEV,3.0,3.0,6.0
57660,57660,6215,56230,Murray,18639,19116,19823,9760,46,69759,-32.8456306,116.0608063,WA,Hybrid/PHEV,8.0,19.0,22.0
57662,57662,6215,56230,Murray,18639,19116,19823,9760,46,69759,-32.8456306,116.0608063,WA,BEV,3.0,3.0,6.0
57664,57664,6215,56230,Murray,18639,19116,19823,9760,46,69759,-32.8843289,115.7131185,WA,Hybrid/PHEV,8.0,19.0,22.0
57666,57666,6215,56230,Murray,18639,19116,19823,9760,46,69759,-32.8843289,115.7131185,WA,BEV,3.0,3.0,6.0
57668,57668,6215,56230,Murray,18639,19116,19823,9760,46,69759,-32.8680001,115.9014735,WA,Hybrid/PHEV,8.0,19.0,22.0
57670,57670,6215,56230,Murray,18639,19116,19823,9760,46,69759,-32.8680001,115.9014735,WA,BEV,3.0,3.0,6.0
57684,57684,6209,56230,Murray,18639,19116,19823,9760,46,69759,-32.5606136,115.7726581,WA,Hybrid/PHEV,9.0,12.0,21.0
57688,57688,6209,56230,Murray,18639,19116,19823,9760,46,69759,-32.5502,115.796,WA,Hybrid/PHEV,9.0,12.0,21.0
57736,57736,6207,56230,Murray,18639,19116,19823,9760,46,69759,-32.5477651,116.0086712,WA,Hybrid/PHEV,3.0,10.0,8.0
57738,57738,6207,56230,Murray,18639,19116,19823,9760,46,69759,-32.5477651,116.0086712,WA,BEV,3.0,3.0,4.0
57740,57740,6207,56230,Murray,18639,19116,19823,9760,46,69759,-32.4838971,116.1223336,WA,Hybrid/PHEV,3.0,10.0,8.0
57742,57742,6207,56230,Murray,18639,19116,19823,9760,46,69759,-32.4838971,116.1223336,WA,BEV,3.0,3.0,4.0
57744,57744,6207,56230,Murray,18639,19116,19823,9760,46,69759,-32.5197951,115.9666707,WA,Hybrid/PHEV,3.0,10.0,8.0
57746,57746,6207,56230,Murray,18639,19116,19823,9760,46,69759,-32.5197951,115.9666707,WA,BEV,3.0,3.0,4.0
57748,57748,6207,56230,Murray,18639,19116,19823,9760,46,69759,-32.5110703,115.8429406,WA,Hybrid/PHEV,3.0,10.0,8.0
57750,57750,6207,56230,Murray,18639,19116,19823,9760,46,69759,-32.5110703,115.8429406,WA,BEV,3.0,3.0,4.0
57752,57752,6207,56230,Murray,18639,19116,19823,9760,46,69759,-32.47481,116.0566443,WA,Hybrid/PHEV,3.0,10.0,8.0
57754,57754,6207,56230,Murray,18639,19116,19823,9760,46,69759,-32.47481,116.0566443,WA,BEV,3.0,3.0,4.0
58158,58158,6003,57080,Perth,29653,30580,32856,20273,35,86832,-31.9436266,115.8538427,WA,BEV,3.0,9.0,19.0
58162,58162,6003,57080,Perth,29653,30580,32856,20273,35,86832,-31.9392191,115.8691573,WA,BEV,3.0,9.0,19.0
58376,58376,6176,57490,Rockingham,140584,143754,148822,77010,41,71538,-32.4250674,115.7930198,WA,Hybrid/PHEV,7.0,11.0,16.0
58382,58382,6175,57490,Rockingham,140584,143754,148822,77010,41,71538,-32.4466752,115.754561,WA,BEV,3.0,4.0,8.0
58394,58394,6172,57490,Rockingham,140584,143754,148822,77010,41,71538,-32.3760083,115.7516025,WA,BEV,3.0,9.0,13.0
58516,58516,6124,57700,Serpentine-Jarrahdale,33349,34795,36739,19073,40,74250,-32.3759261,116.1595761,WA,Hybrid/PHEV,7.0,9.0,13.0
58520,58520,6123,57700,Serpentine-Jarrahdale,33349,34795,36739,19073,40,74250,-32.2826704,115.9964649,WA,Hybrid/PHEV,5.0,7.0,9.0
58524,58524,6123,57700,Serpentine-Jarrahdale,33349,34795,36739,19073,40,74250,-32.2995985,115.9845718,WA,Hybrid/PHEV,5.0,7.0,9.0
58970,58970,6029,57910,Stirling,234322,236262,243871,141050,40,78933,-31.8736239,115.7604781,WA,BEV,3.0,8.0,19.0
58974,58974,6022,57910,Stirling,234322,236262,243871,141050,40,78933,-31.8514757,115.8137261,WA,BEV,4.0,5.0,8.0
59071,59071,6067,58050,Swan,158689,163948,171588,89409,40,68174,-31.8129911,115.9054062,WA,ICE,4.0,10.0,5.0
59264,59264,6751,58470,Upper Gascoyne,180,188,201,24,57,79905,-22.2738995,118.3211638,WA,Hybrid/PHEV,5.0,5.0,3.0
59268,59268,6751,58470,Upper Gascoyne,180,188,201,24,57,79905,-22.6961432,117.795009,WA,Hybrid/PHEV,5.0,5.0,3.0
59272,59272,6751,58470,Upper Gascoyne,180,188,201,24,57,79905,-22.8839062,117.4486062,WA,Hybrid/PHEV,5.0,5.0,3.0
59276,59276,6751,58470,Upper Gascoyne,180,188,201,24,57,79905,-22.5425127,115.4998766,WA,Hybrid/PHEV,5.0,5.0,3.0
59280,59280,6751,58470,Upper Gascoyne,180,188,201,24,57,79905,-22.2342122,119.0244186,WA,Hybrid/PHEV,5.0,5.0,3.0
59284,59284,6751,58470,Upper Gascoyne,180,188,201,24,57,79905,-22.4914514,117.7236591,WA,Hybrid/PHEV,5.0,5.0,3.0
59288,59288,6751,58470,Upper Gascoyne,180,188,201,24,57,79905,-22.5591185,118.4559953,WA,Hybrid/PHEV,5.0,5.0,3.0
59292,59292,6751,58470,Upper Gascoyne,180,188,201,24,57,79905,-22.8569184,118.623667,WA,Hybrid/PHEV,5.0,5.0,3.0
59296,59296,6751,58470,Upper Gascoyne,180,188,201,24,57,79905,-23.3720694,117.0361591,WA,Hybrid/PHEV,5.0,5.0,3.0
59300,59300,6751,58470,Upper Gascoyne,180,188,201,24,57,79905,-21.8870523,117.9988761,WA,Hybrid/PHEV,5.0,5.0,3.0
59492,59492,6078,58760,Wanneroo,216422,221257,229438,122036,40,68139,-31.6207,115.821,WA,Hybrid/PHEV,5.0,6.0,10.0
59496,59496,6078,58760,Wanneroo,216422,221257,229438,122036,40,68139,-31.7069,115.85,WA,Hybrid/PHEV,5.0,6.0,10.0
59502,59502,6077,58760,Wanneroo,216422,221257,229438,122036,40,68139,-31.753,115.864,WA,BEV,3.0,3.0,7.0
59506,59506,6077,58760,Wanneroo,216422,221257,229438,122036,40,68139,-31.7757,115.866,WA,BEV,3.0,3.0,7.0
59582,59582,6064,58760,Wanneroo,216422,221257,229438,122036,40,68139,-31.8278073,115.841335,WA,BEV,8.0,10.0,20.0
59586,59586,6064,58760,Wanneroo,216422,221257,229438,122036,40,68139,-31.8412583,115.8628244,WA,BEV,8.0,10.0,20.0
59590,59590,6064,58760,Wanneroo,216422,221257,229438,122036,40,68139,-31.8406834,115.8403151,WA,BEV,8.0,10.0,20.0
59594,59594,6064,58760,Wanneroo,216422,221257,229438,122036,40,68139,-31.8269026,115.8671293,WA,BEV,8.0,10.0,20.0
59646,59646,6031,58760,Wanneroo,216422,221257,229438,122036,40,68139,-31.6922619,115.7608745,WA,BEV,3.0,7.0,16.0
59650,59650,6031,58760,Wanneroo,216422,221257,229438,122036,40,68139,-31.7061221,115.7879599,WA,BEV,3.0,7.0,16.0
59654,59654,6031,58760,Wanneroo,216422,221257,229438,122036,40,68139,-31.7032401,115.8049933,WA,BEV,3.0,7.0,16.0
59722,59722,6211,58820,Waroona,4355,4401,4457,2332,48,69410,-32.7549399,115.6708607,WA,BEV,3.0,7.0,9.0
59726,59726,6211,58820,Waroona,4355,4401,4457,2332,48,69410,-32.634571,115.6338419,WA,BEV,3.0,7.0,9.0
59730,59730,6211,58820,Waroona,4355,4401,4457,2332,48,69410,-32.6897683,115.639716,WA,BEV,3.0,7.0,9.0
59734,59734,6211,58820,Waroona,4355,4401,4457,2332,48,69410,-32.6897683,115.639716,WA,BEV,3.0,7.0,9.0
62900,62900,875,70200,Alice Springs,28483,28859,29213,17100,39,73827,-23.6931,133.831,NT,Hybrid/PHEV,16.0,19.0,20.0
62904,62904,875,70200,Alice Springs,28483,28859,29213,17100,39,73827,-23.7208,133.865,NT,Hybrid/PHEV,16.0,19.0,20.0
62908,62908,874,70200,Alice Springs,28483,28859,29213,17100,39,73827,-23.6848,133.922,NT,Hybrid/PHEV,3.0,3.0,6.0
62912,62912,874,70200,Alice Springs,28483,28859,29213,17100,39,73827,-23.723,133.89,NT,Hybrid/PHEV,3.0,3.0,6.0
62916,62916,874,70200,Alice Springs,28483,28859,29213,17100,39,73827,-23.6407,133.866,NT,Hybrid/PHEV,3.0,3.0,6.0
62922,62922,870,70200,Alice Springs,28483,28859,29213,17100,39,73827,-23.7549,133.772,NT,BEV,12.0,16.0,21.0
62926,62926,870,70200,Alice Springs,28483,28859,29213,17100,39,73827,-23.7146,133.874,NT,BEV,12.0,16.0,21.0
62930,62930,870,70200,Alice Springs,28483,28859,29213,17100,39,73827,-23.6765,133.882,NT,BEV,12.0,16.0,21.0
62934,62934,870,70200,Alice Springs,28483,28859,29213,17100,39,73827,-23.7044,133.903,NT,BEV,12.0,16.0,21.0
62938,62938,870,70200,Alice Springs,28483,28859,29213,17100,39,73827,-23.7085,133.865,NT,BEV,12.0,16.0,21.0
62942,62942,870,70200,Alice Springs,28483,28859,29213,17100,39,73827,-23.6887,133.901,NT,BEV,12.0,16.0,21.0
62946,62946,870,70200,Alice Springs,28483,28859,29213,17100,39,73827,-23.7142,133.889,NT,BEV,12.0,16.0,21.0
62950,62950,870,70200,Alice Springs,28483,28859,29213,17100,39,73827,-23.6926,133.87,NT,BEV,12.0,16.0,21.0
62954,62954,870,70200,Alice Springs,28483,28859,29213,17100,39,73827,-23.6753,133.865,NT,BEV,12.0,16.0,21.0
62958,62958,870,70200,Alice Springs,28483,28859,29213,17100,39,73827,-23.6961,133.853,NT,BEV,12.0,16.0,21.0
62962,62962,870,70200,Alice Springs,28483,28859,29213,17100,39,73827,-23.698042,133.8807471,NT,BEV,12.0,16.0,21.0
62978,62978,812,71000,Darwin,84854,84877,85465,53891,39,77500,-12.384444,130.893056,NT,BEV,3.0,5.0,14.0
62982,62982,812,71000,Darwin,84854,84877,85465,53891,39,77500,-12.3794,130.898,NT,BEV,3.0,5.0,14.0
62986,62986,812,71000,Darwin,84854,84877,85465,53891,39,77500,-12.3889,130.898,NT,BEV,3.0,5.0,14.0
62990,62990,812,71000,Darwin,84854,84877,85465,53891,39,77500,-12.3958,130.895,NT,BEV,3.0,5.0,14.0
62994,62994,812,71000,Darwin,84854,84877,85465,53891,39,77500,-12.398333,130.88,NT,BEV,3.0,5.0,14.0
62998,62998,812,71000,Darwin,84854,84877,85465,53891,39,77500,-12.393,130.904,NT,BEV,3.0,5.0,14.0
63002,63002,812,71000,Darwin,84854,84877,85465,53891,39,77500,-12.379444,130.8975,NT,BEV,3.0,5.0,14.0
63006,63006,812,71000,Darwin,84854,84877,85465,53891,39,77500,-12.401069,130.916889,NT,BEV,3.0,5.0,14.0
63010,63010,812,71000,Darwin,84854,84877,85465,53891,39,77500,-12.3961,130.921,NT,BEV,3.0,5.0,14.0
63014,63014,812,71000,Darwin,84854,84877,85465,53891,39,77500,-12.3464,130.921,NT,BEV,3.0,5.0,14.0
63018,63018,812,71000,Darwin,84854,84877,85465,53891,39,77500,-12.3928,130.89,NT,BEV,3.0,5.0,14.0
63022,63022,810,71000,Darwin,84854,84877,85465,53891,39,77500,-12.3725,130.887778,NT,BEV,6.0,16.0,22.0
63026,63026,810,71000,Darwin,84854,84877,85465,53891,39,77500,-12.3825,130.885,NT,BEV,6.0,16.0,22.0
63030,63030,810,71000,Darwin,84854,84877,85465,53891,39,77500,-12.363333,130.880278,NT,BEV,6.0,16.0,22.0
63034,63034,810,71000,Darwin,84854,84877,85465,53891,39,77500,-12.380833,130.862222,NT,BEV,6.0,16.0,22.0
63038,63038,810,71000,Darwin,84854,84877,85465,53891,39,77500,-12.383,130.849,NT,BEV,6.0,16.0,22.0
63042,63042,810,71000,Darwin,84854,84877,85465,53891,39,77500,-12.369444,130.878056,NT,BEV,6.0,16.0,22.0
63046,63046,810,71000,Darwin,84854,84877,85465,53891,39,77500,-12.3583,130.896,NT,BEV,6.0,16.0,22.0
63050,63050,810,71000,Darwin,84854,84877,85465,53891,39,77500,-12.388889,130.879167,NT,BEV,6.0,16.0,22.0
63054,63054,810,71000,Darwin,84854,84877,85465,53891,39,77500,-12.391111,130.863208,NT,BEV,6.0,16.0,22.0
63058,63058,810,71000,Darwin,84854,84877,85465,53891,39,77500,-12.3603,130.889,NT,BEV,6.0,16.0,22.0
63062,63062,810,71000,Darwin,84854,84877,85465,53891,39,77500,-12.339444,130.893056,NT,BEV,6.0,16.0,22.0
63066,63066,810,71000,Darwin,84854,84877,85465,53891,39,77500,-12.386667,130.875278,NT,BEV,6.0,16.0,22.0
63070,63070,810,71000,Darwin,84854,84877,85465,53891,39,77500,-12.3989,130.852,NT,BEV,6.0,16.0,22.0
63074,63074,810,71000,Darwin,84854,84877,85465,53891,39,77500,-12.373333,130.881667,NT,BEV,6.0,16.0,22.0
63078,63078,810,71000,Darwin,84854,84877,85465,53891,39,77500,-12.37,130.867,NT,BEV,6.0,16.0,22.0
63082,63082,810,71000,Darwin,84854,84877,85465,53891,39,77500,-12.38,130.873,NT,BEV,6.0,16.0,22.0
63086,63086,800,71150,Darwin Waterfront Precinct,312,289,282,244,35,106817,-12.3932794,130.7766611,NT,BEV,3.0,3.0,12.0
63090,63090,800,71150,Darwin Waterfront Precinct,312,289,282,244,35,106817,-12.3932794,130.7766611,NT,BEV,3.0,3.0,12.0
63116,63116,853,72200,Katherine,10679,10834,10829,6089,37,69397,-14.5129,132.365,NT,Hybrid/PHEV,4.0,6.0,6.0
63120,63120,853,72200,Katherine,10679,10834,10829,6089,37,69397,-14.5473,132.374,NT,Hybrid/PHEV,4.0,6.0,6.0
63124,63124,841,72300,Litchfield,22879,23083,23415,13134,43,75994,-12.8357379,130.9788775,NT,Hybrid/PHEV,3.0,4.0,5.0
63128,63128,839,72300,Litchfield,22879,23083,23415,13134,43,75994,-12.5188645,131.0406631,NT,Hybrid/PHEV,5.0,7.0,6.0
63132,63132,838,72300,Litchfield,22879,23083,23415,13134,43,75994,-12.7174085,131.0192349,NT,Hybrid/PHEV,6.0,10.0,11.0
63136,63136,837,72300,Litchfield,22879,23083,23415,13134,43,75994,-12.6342,131.074,NT,Hybrid/PHEV,3.0,3.0,3.0
63140,63140,837,72300,Litchfield,22879,23083,23415,13134,43,75994,-12.8316015,131.1604226,NT,Hybrid/PHEV,3.0,3.0,3.0
63146,63146,836,72300,Litchfield,22879,23083,23415,13134,43,75994,-12.5753,131.102,NT,BEV,3.0,3.0,4.0
63150,63150,836,72300,Litchfield,22879,23083,23415,13134,43,75994,-12.542319,131.157189,NT,BEV,3.0,3.0,4.0
63154,63154,836,72300,Litchfield,22879,23083,23415,13134,43,75994,-12.542319,131.157189,NT,BEV,3.0,3.0,4.0
63168,63168,834,72300,Litchfield,22879,23083,23415,13134,43,75994,-12.5405,131.029,NT,Hybrid/PHEV,8.0,12.0,18.0
64086,64086,2900,89399,Unincorporated ACT,452508,456915,466566,290512,40,83003,-35.4170279,149.0668705,ACT,BEV,5.0,10.0,22.0
64090,64090,2900,89399,Unincorporated ACT,452508,456915,466566,290512,40,83003,-35.4170279,149.0668705,ACT,BEV,5.0,10.0,22.0
64092,64092,2618,89399,Unincorporated ACT,452508,456915,466566,290512,40,83003,-35.1530342,149.0070552,ACT,Hybrid/PHEV,18.0,18.0,19.0
64094,64094,2618,89399,Unincorporated ACT,452508,456915,466566,290512,40,83003,-35.1530342,149.0070552,ACT,BEV,5.0,11.0,16.0
64096,64096,2618,89399,Unincorporated ACT,452508,456915,466566,290512,40,83003,-35.0591943,149.087004,ACT,Hybrid/PHEV,18.0,18.0,19.0
64098,64098,2618,89399,Unincorporated ACT,452508,456915,466566,290512,40,83003,-35.0591943,149.087004,ACT,BEV,5.0,11.0,16.0
64100,64100,2618,89399,Unincorporated ACT,452508,456915,466566,290512,40,83003,-35.1679431,149.0616656,ACT,Hybrid/PHEV,18.0,18.0,19.0
64102,64102,2618,89399,Unincorporated ACT,452508,456915,466566,290512,40,83003,-35.1679431,149.0616656,ACT,BEV,5.0,11.0,16.0
